hours,bool,power_dev,power_met
06-Apr-2019 (18-54-55),0,71.2,45.273
06-Apr-2019 (18-55-12),0,62.2,53.838
06-Apr-2019 (18-55-14),0,79.3,53.838
06-Apr-2019 (18-55-23),0,68.3,45.036
06-Apr-2019 (18-55-24),0,68.3,45.036
06-Apr-2019 (18-55-25),0,68.3,45.036
06-Apr-2019 (18-55-37),0,66.3,55.004
06-Apr-2019 (18-55-38),0,66.3,55.004
06-Apr-2019 (18-55-39),0,66.3,55.004
06-Apr-2019 (18-55-40),0,66.3,55.004
06-Apr-2019 (18-55-48),0,54.6,45.155
06-Apr-2019 (18-55-49),0,54.6,45.155
06-Apr-2019 (18-55-50),0,54.6,45.155
06-Apr-2019 (18-56-28),0,63.1,51.714
06-Apr-2019 (18-56-29),0,63.1,51.714
06-Apr-2019 (18-56-30),0,63.1,51.714
06-Apr-2019 (18-56-39),0,80.7,44.727
06-Apr-2019 (18-56-40),0,80.7,44.727
06-Apr-2019 (18-56-55),0,73.5,51.74
06-Apr-2019 (18-57-22),0,1477.0,1187.521
06-Apr-2019 (18-57-23),0,1477.0,1187.521
06-Apr-2019 (18-57-24),0,1477.0,1187.521
06-Apr-2019 (18-57-25),0,1477.0,1187.521
06-Apr-2019 (18-57-38),0,1151.6,164.697
06-Apr-2019 (18-57-39),0,1151.6,164.697
06-Apr-2019 (18-57-40),0,1803.1,164.697
06-Apr-2019 (18-58-09),0,330.2,174.24200000000005
06-Apr-2019 (18-58-10),0,1660.7,174.24200000000005
06-Apr-2019 (18-59-14),0,1177.7,181.018
06-Apr-2019 (18-59-15),0,1807.8,181.018
06-Apr-2019 (19-08-46),0,1807.8,1796.336
06-Apr-2019 (19-08-47),0,1807.8,1796.336
06-Apr-2019 (19-08-48),0,1807.8,1796.336
06-Apr-2019 (19-08-49),0,1807.8,1796.336
06-Apr-2019 (19-08-50),0,1807.8,1796.336
06-Apr-2019 (19-11-16),0,1807.8,1802.823
06-Apr-2019 (19-11-17),0,1807.8,1802.823
06-Apr-2019 (19-11-18),0,1807.8,1802.823
06-Apr-2019 (19-11-19),0,1807.8,1802.823
06-Apr-2019 (19-11-20),0,1807.8,1802.823
06-Apr-2019 (19-11-26),0,1807.8,1721.588
06-Apr-2019 (19-11-27),0,1807.8,1721.588
06-Apr-2019 (19-11-28),0,1807.8,1721.588
06-Apr-2019 (19-11-29),0,1807.8,1721.588
06-Apr-2019 (19-11-30),0,1807.8,1721.588
06-Apr-2019 (19-11-36),0,1807.8,1807.02
06-Apr-2019 (19-11-37),0,1807.8,1807.02
06-Apr-2019 (19-11-38),0,1807.8,1807.02
06-Apr-2019 (19-11-39),0,1807.8,1807.02
06-Apr-2019 (19-11-40),0,1807.8,1807.02
06-Apr-2019 (19-11-41),0,1807.8,1722.469
06-Apr-2019 (19-11-42),0,1807.8,1722.469
06-Apr-2019 (19-11-43),0,1807.8,1722.469
06-Apr-2019 (19-11-44),0,1807.8,1722.469
06-Apr-2019 (19-11-45),0,1807.8,1722.469
06-Apr-2019 (19-11-46),0,1807.8,1798.533
06-Apr-2019 (19-11-47),0,1807.8,1798.533
06-Apr-2019 (19-11-48),0,1807.8,1798.533
06-Apr-2019 (19-11-49),0,1807.8,1798.533
06-Apr-2019 (19-11-50),0,1807.8,1798.533
06-Apr-2019 (19-11-51),0,1807.8,1803.668
06-Apr-2019 (19-11-52),0,1807.8,1803.668
06-Apr-2019 (19-11-53),0,1807.8,1803.668
06-Apr-2019 (19-11-54),0,1807.8,1803.668
06-Apr-2019 (19-11-55),0,1807.8,1803.668
06-Apr-2019 (19-11-56),0,1807.8,1801.204
06-Apr-2019 (19-11-57),0,1807.8,1801.204
06-Apr-2019 (19-11-58),0,1807.8,1801.204
06-Apr-2019 (19-11-59),0,1807.8,1801.204
06-Apr-2019 (19-12-00),0,1807.8,1801.204
06-Apr-2019 (19-12-01),0,1807.8,1791.561333333333
06-Apr-2019 (19-12-02),0,1807.8,1791.561333333333
06-Apr-2019 (19-12-03),0,1807.8,1791.561333333333
06-Apr-2019 (19-12-04),0,1807.8,1791.561333333333
06-Apr-2019 (19-12-05),0,1807.8,1791.561333333333
06-Apr-2019 (19-12-06),0,1807.8,1795.7220000000002
06-Apr-2019 (19-12-07),0,1807.8,1795.7220000000002
06-Apr-2019 (19-12-08),0,1807.8,1795.7220000000002
06-Apr-2019 (19-12-09),0,1807.8,1795.7220000000002
06-Apr-2019 (19-12-10),0,1807.8,1795.7220000000002
06-Apr-2019 (19-12-11),0,1807.8,1803.844
06-Apr-2019 (19-12-12),0,1807.8,1803.844
06-Apr-2019 (19-12-13),0,1807.8,1803.844
06-Apr-2019 (19-12-14),0,1807.8,1803.844
06-Apr-2019 (19-12-15),0,1807.8,1803.844
06-Apr-2019 (19-12-21),0,1807.8,1803.287
06-Apr-2019 (19-12-22),0,1807.8,1803.287
06-Apr-2019 (19-12-23),0,1807.8,1803.287
06-Apr-2019 (19-12-24),0,1807.8,1803.287
06-Apr-2019 (19-12-25),0,1807.8,1803.287
06-Apr-2019 (19-12-26),0,1807.8,1801.389
06-Apr-2019 (19-12-27),0,1807.8,1801.389
06-Apr-2019 (19-12-28),0,1807.8,1801.389
06-Apr-2019 (19-12-29),0,1807.8,1801.389
06-Apr-2019 (19-12-30),0,1807.8,1801.389
06-Apr-2019 (19-12-46),0,1807.8,1720.092
06-Apr-2019 (19-12-47),0,1807.8,1720.092
06-Apr-2019 (19-12-48),0,1807.8,1720.092
06-Apr-2019 (19-12-49),0,1807.8,1720.092
06-Apr-2019 (19-12-50),0,1807.8,1720.092
06-Apr-2019 (19-13-01),0,1807.8,1735.948
06-Apr-2019 (19-13-02),0,1807.8,1735.948
06-Apr-2019 (19-13-03),0,1807.8,1735.948
06-Apr-2019 (19-13-04),0,1807.8,1735.948
06-Apr-2019 (19-13-05),0,1807.8,1735.948
06-Apr-2019 (19-13-37),0,154.4,141.08100000000005
06-Apr-2019 (19-13-56),0,161.0,139.65200000000002
06-Apr-2019 (19-13-57),0,161.0,139.65200000000002
06-Apr-2019 (19-13-58),0,161.0,139.65200000000002
06-Apr-2019 (19-13-59),0,161.0,139.65200000000002
06-Apr-2019 (19-14-00),0,161.0,139.65200000000002
06-Apr-2019 (19-14-01),0,161.0,143.035
06-Apr-2019 (19-14-02),0,161.0,143.035
06-Apr-2019 (19-14-03),0,161.0,143.035
06-Apr-2019 (19-14-04),0,161.0,143.035
06-Apr-2019 (19-14-07),0,147.1,47.486
06-Apr-2019 (19-14-08),0,801.2,47.486
06-Apr-2019 (19-14-09),0,1801.9,47.486
06-Apr-2019 (19-14-10),0,1801.9,47.486
06-Apr-2019 (19-14-21),0,1801.9,1726.182
06-Apr-2019 (19-14-22),0,1801.9,1726.182
06-Apr-2019 (19-14-23),0,1801.9,1726.182
06-Apr-2019 (19-14-24),0,1801.9,1726.182
06-Apr-2019 (19-14-25),0,1801.9,1726.182
06-Apr-2019 (19-14-36),0,1801.9,1756.595
06-Apr-2019 (19-14-37),0,1801.9,1756.595
06-Apr-2019 (19-14-38),0,1801.9,1756.595
06-Apr-2019 (19-14-39),0,1801.9,1756.595
06-Apr-2019 (19-14-40),0,1801.9,1756.595
06-Apr-2019 (19-14-41),0,1801.9,1796.6760000000004
06-Apr-2019 (19-14-42),0,1801.9,1796.6760000000004
06-Apr-2019 (19-14-43),0,1801.9,1796.6760000000004
06-Apr-2019 (19-14-44),0,1801.9,1796.6760000000004
06-Apr-2019 (19-14-45),0,1801.9,1796.6760000000004
06-Apr-2019 (19-14-46),0,1801.9,1801.07
06-Apr-2019 (19-14-47),0,1801.9,1801.07
06-Apr-2019 (19-14-48),0,1801.9,1801.07
06-Apr-2019 (19-14-49),0,1801.9,1801.07
06-Apr-2019 (19-14-50),0,1801.9,1801.07
06-Apr-2019 (19-14-56),0,1801.9,1789.684
06-Apr-2019 (19-14-57),0,1801.9,1789.684
06-Apr-2019 (19-14-58),0,1801.9,1789.684
06-Apr-2019 (19-14-59),0,1801.9,1789.684
06-Apr-2019 (19-15-00),0,1801.9,1789.684
06-Apr-2019 (19-15-01),0,1801.9,1798.7046666666665
06-Apr-2019 (19-15-02),0,1801.9,1798.7046666666665
06-Apr-2019 (19-15-03),0,1801.9,1798.7046666666665
06-Apr-2019 (19-15-04),0,1801.9,1798.7046666666665
06-Apr-2019 (19-15-05),0,1801.9,1798.7046666666665
06-Apr-2019 (19-15-27),0,163.4,75.57300000000002
06-Apr-2019 (19-15-28),0,163.4,75.57300000000002
06-Apr-2019 (19-15-29),0,163.4,75.57300000000002
06-Apr-2019 (19-15-30),0,163.4,75.57300000000002
06-Apr-2019 (19-15-31),0,163.4,136.1
06-Apr-2019 (19-15-32),0,163.4,136.1
06-Apr-2019 (19-15-33),0,163.4,136.1
06-Apr-2019 (19-15-34),0,163.4,136.1
06-Apr-2019 (19-15-35),0,163.4,136.1
06-Apr-2019 (19-15-36),0,163.4,135.548
06-Apr-2019 (19-15-37),0,163.4,135.548
06-Apr-2019 (19-15-38),0,163.4,135.548
06-Apr-2019 (19-15-39),0,163.4,135.548
06-Apr-2019 (19-15-42),0,53.7,38.787
06-Apr-2019 (19-15-43),0,154.2,38.787
06-Apr-2019 (19-15-44),0,71.2,38.787
06-Apr-2019 (19-15-45),0,156.0,38.787
06-Apr-2019 (19-15-46),0,156.0,144.685
06-Apr-2019 (19-15-47),0,156.0,144.685
06-Apr-2019 (19-15-48),0,156.0,144.685
06-Apr-2019 (19-15-49),0,156.0,144.685
06-Apr-2019 (19-15-50),0,156.0,144.685
06-Apr-2019 (19-15-51),0,156.0,141.225
06-Apr-2019 (19-15-52),0,156.0,141.225
06-Apr-2019 (19-15-53),0,156.0,141.225
06-Apr-2019 (19-15-54),0,156.0,141.225
06-Apr-2019 (19-15-55),0,156.0,141.225
06-Apr-2019 (19-15-59),0,147.6,67.766
06-Apr-2019 (19-16-00),0,147.6,67.766
06-Apr-2019 (19-16-01),0,147.6,138.59
06-Apr-2019 (19-16-02),0,147.6,138.59
06-Apr-2019 (19-16-03),0,694.4,138.59
06-Apr-2019 (19-16-04),0,1822.9,138.59
06-Apr-2019 (19-16-05),0,1822.9,138.59
06-Apr-2019 (19-16-16),0,1822.9,1811.331
06-Apr-2019 (19-16-17),0,1822.9,1811.331
06-Apr-2019 (19-16-18),0,1822.9,1811.331
06-Apr-2019 (19-16-19),0,1822.9,1811.331
06-Apr-2019 (19-16-20),0,1822.9,1811.331
06-Apr-2019 (19-17-02),0,80.1,38.606
06-Apr-2019 (19-17-03),0,161.6,38.606
06-Apr-2019 (19-17-04),0,161.6,38.606
06-Apr-2019 (19-17-05),0,161.6,38.606
06-Apr-2019 (19-17-06),0,161.6,148.145
06-Apr-2019 (19-17-07),0,161.6,148.145
06-Apr-2019 (19-17-08),0,161.6,148.145
06-Apr-2019 (19-17-09),0,161.6,148.145
06-Apr-2019 (19-17-10),0,161.6,148.145
06-Apr-2019 (19-17-12),0,134.7,132.753
06-Apr-2019 (19-17-18),0,97.2,38.493
06-Apr-2019 (19-17-19),0,97.2,38.493
06-Apr-2019 (19-17-20),0,97.2,38.493
06-Apr-2019 (19-17-39),0,224.4,126.684
06-Apr-2019 (19-17-40),0,1676.7,126.684
06-Apr-2019 (19-18-22),0,126.5,37.69300000000001
06-Apr-2019 (19-18-23),0,126.5,37.69300000000001
06-Apr-2019 (19-18-24),0,126.5,37.69300000000001
06-Apr-2019 (19-18-25),0,126.5,37.69300000000001
06-Apr-2019 (19-18-38),0,131.0,37.575
06-Apr-2019 (19-18-39),0,131.0,37.575
06-Apr-2019 (19-18-40),0,160.5,37.575
06-Apr-2019 (19-18-54),0,275.9,111.849
06-Apr-2019 (19-18-55),0,275.9,111.849
06-Apr-2019 (19-18-56),0,275.9,120.64
06-Apr-2019 (19-18-57),0,275.9,120.64
06-Apr-2019 (19-18-58),0,275.9,120.64
06-Apr-2019 (19-18-59),0,275.9,120.64
06-Apr-2019 (19-19-00),0,275.9,120.64
06-Apr-2019 (19-19-01),0,275.9,138.95600000000002
06-Apr-2019 (19-19-02),0,275.9,138.95600000000002
06-Apr-2019 (19-19-03),0,275.9,138.95600000000002
06-Apr-2019 (19-19-04),0,275.9,138.95600000000002
06-Apr-2019 (19-19-05),0,275.9,138.95600000000002
06-Apr-2019 (19-19-06),0,275.9,138.549
06-Apr-2019 (19-19-10),0,280.6,138.549
06-Apr-2019 (19-19-13),0,130.1,126.235
06-Apr-2019 (19-19-19),0,1124.9,138.291
06-Apr-2019 (19-19-20),0,1124.9,138.291
06-Apr-2019 (19-19-58),0,140.0,37.838
06-Apr-2019 (19-19-59),0,140.0,37.838
06-Apr-2019 (19-20-00),0,140.0,37.838
06-Apr-2019 (19-20-14),0,172.0,88.645
06-Apr-2019 (19-20-15),0,172.0,88.645
06-Apr-2019 (19-20-16),0,172.0,135.88299999999998
06-Apr-2019 (19-20-17),0,172.0,135.88299999999998
06-Apr-2019 (19-20-18),0,172.0,135.88299999999998
06-Apr-2019 (19-20-19),0,172.0,135.88299999999998
06-Apr-2019 (19-20-20),0,172.0,135.88299999999998
06-Apr-2019 (19-20-21),0,172.0,140.214
06-Apr-2019 (19-20-22),0,172.0,140.214
06-Apr-2019 (19-20-23),0,172.0,140.214
06-Apr-2019 (19-20-24),0,172.0,140.214
06-Apr-2019 (19-20-25),0,172.0,140.214
06-Apr-2019 (19-20-26),0,172.0,140.766
06-Apr-2019 (19-20-30),0,152.1,140.766
06-Apr-2019 (19-20-31),0,152.1,112.003
06-Apr-2019 (19-20-32),0,152.1,112.003
06-Apr-2019 (19-20-33),0,152.1,112.003
06-Apr-2019 (19-20-34),0,152.1,112.003
06-Apr-2019 (19-20-35),0,152.1,112.003
06-Apr-2019 (19-20-36),0,152.1,142.004
06-Apr-2019 (19-20-37),0,152.1,142.004
06-Apr-2019 (19-20-38),0,152.1,142.004
06-Apr-2019 (19-20-39),0,152.1,142.004
06-Apr-2019 (19-20-51),0,152.5,134.584
06-Apr-2019 (19-20-52),0,152.5,134.584
06-Apr-2019 (19-20-53),0,152.5,134.584
06-Apr-2019 (19-20-54),0,152.5,134.584
06-Apr-2019 (19-20-55),0,152.5,134.584
06-Apr-2019 (19-20-56),0,152.5,141.813
06-Apr-2019 (19-20-57),0,152.5,141.813
06-Apr-2019 (19-20-58),0,152.5,141.813
06-Apr-2019 (19-21-02),0,949.6,104.33233333333334
06-Apr-2019 (19-21-03),0,1777.2,104.33233333333334
06-Apr-2019 (19-21-04),0,1777.2,104.33233333333334
06-Apr-2019 (19-21-05),0,1777.2,104.33233333333334
06-Apr-2019 (19-21-16),0,1777.2,1699.1
06-Apr-2019 (19-21-17),0,1777.2,1699.1
06-Apr-2019 (19-21-18),0,1777.2,1699.1
06-Apr-2019 (19-21-19),0,1777.2,1699.1
06-Apr-2019 (19-21-20),0,1777.2,1699.1
06-Apr-2019 (19-21-26),0,1777.2,1763.664
06-Apr-2019 (19-21-27),0,1777.2,1763.664
06-Apr-2019 (19-21-28),0,1777.2,1763.664
06-Apr-2019 (19-21-29),0,1777.2,1763.664
06-Apr-2019 (19-21-30),0,1777.2,1763.664
06-Apr-2019 (19-21-31),0,1777.2,1696.094
06-Apr-2019 (19-21-32),0,1777.2,1696.094
06-Apr-2019 (19-21-33),0,1777.2,1696.094
06-Apr-2019 (19-21-34),0,1777.2,1696.094
06-Apr-2019 (19-21-35),0,1777.2,1696.094
06-Apr-2019 (19-22-22),0,148.8,141.308
06-Apr-2019 (19-22-23),0,148.8,141.308
06-Apr-2019 (19-22-24),0,148.8,141.308
06-Apr-2019 (19-22-25),0,148.8,141.308
06-Apr-2019 (19-22-26),0,148.8,134.929
06-Apr-2019 (19-22-27),0,148.8,134.929
06-Apr-2019 (19-22-28),0,148.8,134.929
06-Apr-2019 (19-22-29),0,148.8,134.929
06-Apr-2019 (19-22-30),0,148.8,134.929
06-Apr-2019 (19-22-31),0,148.8,144.071
06-Apr-2019 (19-22-32),0,148.8,144.071
06-Apr-2019 (19-22-33),0,148.8,144.071
06-Apr-2019 (19-22-34),0,148.8,144.071
06-Apr-2019 (19-22-37),0,93.3,37.601
06-Apr-2019 (19-22-38),0,93.3,37.601
06-Apr-2019 (19-22-39),0,93.3,37.601
06-Apr-2019 (19-22-40),0,110.5,37.601
06-Apr-2019 (19-22-53),0,148.3,37.472
06-Apr-2019 (19-22-54),0,62.7,37.472
06-Apr-2019 (19-22-55),0,141.9,37.472
06-Apr-2019 (19-23-01),0,141.9,138.549
06-Apr-2019 (19-23-02),0,141.9,138.549
06-Apr-2019 (19-23-03),0,141.9,138.549
06-Apr-2019 (19-23-04),0,141.9,138.549
06-Apr-2019 (19-23-05),0,141.9,138.549
06-Apr-2019 (19-23-06),0,141.9,110.255
06-Apr-2019 (19-23-09),0,127.9,110.255
06-Apr-2019 (19-23-23),0,396.0,135.57399999999998
06-Apr-2019 (19-23-24),0,1696.3,135.57399999999998
06-Apr-2019 (19-23-25),0,1696.3,135.57399999999998
06-Apr-2019 (19-23-57),0,156.7,62.847
06-Apr-2019 (19-23-58),0,156.7,62.847
06-Apr-2019 (19-23-59),0,156.7,62.847
06-Apr-2019 (19-24-00),0,156.7,62.847
06-Apr-2019 (19-24-01),0,156.7,109.87366666666668
06-Apr-2019 (19-24-02),0,156.7,109.87366666666668
06-Apr-2019 (19-24-03),0,156.7,109.87366666666668
06-Apr-2019 (19-24-04),0,156.7,109.87366666666668
06-Apr-2019 (19-24-05),0,156.7,109.87366666666668
06-Apr-2019 (19-24-06),0,156.7,137.384
06-Apr-2019 (19-24-07),0,156.7,137.384
06-Apr-2019 (19-24-08),0,156.7,137.384
06-Apr-2019 (19-24-09),0,156.7,137.384
06-Apr-2019 (19-24-13),0,168.7,37.508
06-Apr-2019 (19-24-14),0,60.4,37.508
06-Apr-2019 (19-24-15),0,164.6,37.508
06-Apr-2019 (19-24-16),0,164.6,147.114
06-Apr-2019 (19-24-17),0,164.6,147.114
06-Apr-2019 (19-24-18),0,164.6,147.114
06-Apr-2019 (19-24-19),0,164.6,147.114
06-Apr-2019 (19-24-20),0,164.6,147.114
06-Apr-2019 (19-24-21),0,164.6,147.341
06-Apr-2019 (19-24-22),0,164.6,147.341
06-Apr-2019 (19-24-23),0,164.6,147.341
06-Apr-2019 (19-24-24),0,164.6,147.341
06-Apr-2019 (19-24-25),0,164.6,147.341
06-Apr-2019 (19-24-29),0,147.9,80.482
06-Apr-2019 (19-24-30),0,147.9,80.482
06-Apr-2019 (19-24-31),0,147.9,127.277
06-Apr-2019 (19-24-32),0,147.9,127.277
06-Apr-2019 (19-24-33),0,147.9,127.277
06-Apr-2019 (19-24-34),0,147.9,127.277
06-Apr-2019 (19-24-35),0,147.9,127.277
06-Apr-2019 (19-24-36),0,147.9,138.085
06-Apr-2019 (19-24-37),0,147.9,138.085
06-Apr-2019 (19-24-38),0,147.9,138.085
06-Apr-2019 (19-24-39),0,147.9,138.085
06-Apr-2019 (19-24-45),0,147.6,139.431
06-Apr-2019 (19-24-46),0,147.6,121.661
06-Apr-2019 (19-24-47),0,147.6,121.661
06-Apr-2019 (19-24-48),0,147.6,121.661
06-Apr-2019 (19-24-49),0,147.6,121.661
06-Apr-2019 (19-24-50),0,147.6,121.661
06-Apr-2019 (19-24-51),0,147.6,137.966
06-Apr-2019 (19-24-52),0,147.6,137.966
06-Apr-2019 (19-24-53),0,147.6,137.966
06-Apr-2019 (19-24-54),0,147.6,137.966
06-Apr-2019 (19-24-55),0,147.6,137.966
06-Apr-2019 (19-24-56),0,147.6,136.827
06-Apr-2019 (19-24-57),0,147.6,136.827
06-Apr-2019 (19-25-06),0,158.4,136.445
06-Apr-2019 (19-25-07),0,158.4,136.445
06-Apr-2019 (19-25-08),0,158.4,136.445
06-Apr-2019 (19-25-09),0,158.4,136.445
06-Apr-2019 (19-25-17),0,152.5,96.616
06-Apr-2019 (19-25-18),0,152.5,96.616
06-Apr-2019 (19-25-19),0,152.5,96.616
06-Apr-2019 (19-25-20),0,152.5,96.616
06-Apr-2019 (19-25-21),0,152.5,135.187
06-Apr-2019 (19-25-22),0,152.5,135.187
06-Apr-2019 (19-25-23),0,152.5,135.187
06-Apr-2019 (19-25-24),0,152.5,135.187
06-Apr-2019 (19-25-25),0,152.5,135.187
06-Apr-2019 (19-25-26),0,152.5,137.487
06-Apr-2019 (19-25-27),0,152.5,137.487
06-Apr-2019 (19-25-28),0,152.5,137.487
06-Apr-2019 (19-25-29),0,152.5,137.487
06-Apr-2019 (19-25-32),0,108.1,37.322
06-Apr-2019 (19-25-33),0,108.1,37.322
06-Apr-2019 (19-25-34),0,108.1,37.322
06-Apr-2019 (19-25-35),0,108.1,37.322
06-Apr-2019 (19-25-48),0,94.8,46.135
06-Apr-2019 (19-25-49),0,128.3,46.135
06-Apr-2019 (19-25-50),0,57.6,46.135
06-Apr-2019 (19-26-05),0,147.2,143.262
06-Apr-2019 (19-26-06),0,147.2,120.501
06-Apr-2019 (19-26-07),0,147.2,120.501
06-Apr-2019 (19-26-08),0,147.2,120.501
06-Apr-2019 (19-26-09),0,147.2,120.501
06-Apr-2019 (19-26-26),0,144.2,142.885
06-Apr-2019 (19-26-27),0,144.2,142.885
06-Apr-2019 (19-26-28),0,144.2,142.885
06-Apr-2019 (19-26-29),0,144.2,142.885
06-Apr-2019 (19-26-30),0,144.2,142.885
06-Apr-2019 (19-26-31),0,144.2,138.894
06-Apr-2019 (19-26-32),0,144.2,138.894
06-Apr-2019 (19-26-33),0,144.2,138.894
06-Apr-2019 (19-26-39),0,751.6,155.442
06-Apr-2019 (19-26-40),0,1796.1,155.442
06-Apr-2019 (19-26-51),0,1796.1,1696.6660000000004
06-Apr-2019 (19-26-52),0,1796.1,1696.6660000000004
06-Apr-2019 (19-26-53),0,1796.1,1696.6660000000004
06-Apr-2019 (19-26-54),0,1796.1,1696.6660000000004
06-Apr-2019 (19-26-55),0,1796.1,1696.6660000000004
06-Apr-2019 (19-27-08),0,152.9,37.219
06-Apr-2019 (19-27-09),0,71.1,37.219
06-Apr-2019 (19-27-10),0,87.7,37.219
06-Apr-2019 (19-27-24),0,149.1,130.123
06-Apr-2019 (19-27-25),0,149.1,130.123
06-Apr-2019 (19-27-26),0,149.1,128.958
06-Apr-2019 (19-27-27),0,149.1,128.958
06-Apr-2019 (19-27-28),0,149.1,128.958
06-Apr-2019 (19-27-29),0,149.1,128.958
06-Apr-2019 (19-27-30),0,149.1,128.958
06-Apr-2019 (19-27-31),0,149.1,138.951
06-Apr-2019 (19-27-32),0,149.1,138.951
06-Apr-2019 (19-27-33),0,149.1,138.951
06-Apr-2019 (19-27-34),0,149.1,138.951
06-Apr-2019 (19-27-35),0,149.1,138.951
06-Apr-2019 (19-27-36),0,149.1,137.982
06-Apr-2019 (19-27-37),0,149.1,137.982
06-Apr-2019 (19-27-40),0,164.1,137.982
06-Apr-2019 (19-27-42),0,160.9,140.07
06-Apr-2019 (19-28-01),0,166.9,138.987
06-Apr-2019 (19-28-02),0,166.9,138.987
06-Apr-2019 (19-28-03),0,166.9,138.987
06-Apr-2019 (19-28-04),0,166.9,138.987
06-Apr-2019 (19-28-05),0,166.9,138.987
06-Apr-2019 (19-28-06),0,166.9,131.082
06-Apr-2019 (19-28-07),0,166.9,131.082
06-Apr-2019 (19-28-08),0,166.9,131.082
06-Apr-2019 (19-28-12),0,174.0,66.601
06-Apr-2019 (19-28-14),0,154.3,66.601
06-Apr-2019 (19-28-15),0,154.3,66.601
06-Apr-2019 (19-28-16),0,154.3,132.872
06-Apr-2019 (19-28-17),0,154.3,132.872
06-Apr-2019 (19-28-18),0,154.3,132.872
06-Apr-2019 (19-28-19),0,154.3,132.872
06-Apr-2019 (19-28-20),0,154.3,132.872
06-Apr-2019 (19-28-21),0,154.3,139.178
06-Apr-2019 (19-28-22),0,154.3,139.178
06-Apr-2019 (19-28-23),0,154.3,139.178
06-Apr-2019 (19-28-24),0,154.3,139.178
06-Apr-2019 (19-28-28),0,173.9,37.456
06-Apr-2019 (19-28-29),0,173.9,37.456
06-Apr-2019 (19-28-30),0,173.9,37.456
06-Apr-2019 (19-28-31),0,173.9,145.299
06-Apr-2019 (19-28-32),0,173.9,145.299
06-Apr-2019 (19-28-33),0,173.9,145.299
06-Apr-2019 (19-28-34),0,173.9,145.299
06-Apr-2019 (19-28-35),0,173.9,145.299
06-Apr-2019 (19-28-36),0,173.9,138.234
06-Apr-2019 (19-28-37),0,173.9,138.234
06-Apr-2019 (19-28-38),0,173.9,138.234
06-Apr-2019 (19-28-39),0,173.9,138.234
06-Apr-2019 (19-28-44),0,178.4,96.838
06-Apr-2019 (19-28-45),0,178.4,96.838
06-Apr-2019 (19-28-46),0,178.4,134.759
06-Apr-2019 (19-28-47),0,178.4,134.759
06-Apr-2019 (19-28-48),0,178.4,134.759
06-Apr-2019 (19-28-49),0,178.4,134.759
06-Apr-2019 (19-28-50),0,178.4,134.759
06-Apr-2019 (19-28-51),0,178.4,139.843
06-Apr-2019 (19-28-52),0,178.4,139.843
06-Apr-2019 (19-28-53),0,178.4,139.843
06-Apr-2019 (19-28-54),0,178.4,139.843
06-Apr-2019 (19-28-55),0,178.4,139.843
06-Apr-2019 (19-28-56),0,178.4,138.441
06-Apr-2019 (19-29-00),0,176.9,138.441
06-Apr-2019 (19-29-01),0,176.9,114.133
06-Apr-2019 (19-29-02),0,176.9,114.133
06-Apr-2019 (19-29-03),0,176.9,114.133
06-Apr-2019 (19-29-04),0,176.9,114.133
06-Apr-2019 (19-29-05),0,176.9,114.133
06-Apr-2019 (19-29-06),0,176.9,137.512
06-Apr-2019 (19-29-07),0,176.9,137.512
06-Apr-2019 (19-29-08),0,176.9,137.512
06-Apr-2019 (19-29-09),0,176.9,137.512
06-Apr-2019 (19-29-21),0,170.7,139.967
06-Apr-2019 (19-29-22),0,170.7,139.967
06-Apr-2019 (19-29-23),0,170.7,139.967
06-Apr-2019 (19-29-24),0,170.7,139.967
06-Apr-2019 (19-29-25),0,170.7,139.967
06-Apr-2019 (19-29-26),0,170.7,139.776
06-Apr-2019 (19-29-27),0,170.7,139.776
06-Apr-2019 (19-29-28),0,170.7,139.776
06-Apr-2019 (19-29-32),0,148.0,103.516
06-Apr-2019 (19-29-33),0,148.0,103.516
06-Apr-2019 (19-29-34),0,148.0,103.516
06-Apr-2019 (19-29-35),0,148.0,103.516
06-Apr-2019 (19-29-36),0,148.0,139.34799999999998
06-Apr-2019 (19-29-37),0,148.0,139.34799999999998
06-Apr-2019 (19-29-38),0,148.0,139.34799999999998
06-Apr-2019 (19-29-39),0,148.0,139.34799999999998
06-Apr-2019 (19-29-47),0,73.1,37.436
06-Apr-2019 (19-29-48),0,140.4,37.436
06-Apr-2019 (19-29-49),0,140.4,37.436
06-Apr-2019 (19-29-50),0,140.4,37.436
06-Apr-2019 (19-29-51),0,140.4,137.203
06-Apr-2019 (19-29-52),0,140.4,137.203
06-Apr-2019 (19-29-53),0,140.4,137.203
06-Apr-2019 (19-29-54),0,140.4,137.203
06-Apr-2019 (19-29-55),0,140.4,137.203
06-Apr-2019 (19-30-04),0,143.6,90.12266666666666
06-Apr-2019 (19-30-05),0,143.6,90.12266666666666
06-Apr-2019 (19-30-06),0,143.6,142.39
06-Apr-2019 (19-30-07),0,143.6,142.39
06-Apr-2019 (19-30-08),0,143.6,142.39
06-Apr-2019 (19-30-09),0,143.6,142.39
06-Apr-2019 (19-30-20),0,151.9,138.77100000000002
06-Apr-2019 (19-30-21),0,151.9,118.90799999999996
06-Apr-2019 (19-30-22),0,151.9,118.908
06-Apr-2019 (19-30-23),0,151.9,118.908
06-Apr-2019 (19-30-24),0,151.9,118.908
06-Apr-2019 (19-30-25),0,151.9,118.908
06-Apr-2019 (19-30-26),0,151.9,144.458
06-Apr-2019 (19-30-27),0,151.9,144.458
06-Apr-2019 (19-30-28),0,151.9,144.458
06-Apr-2019 (19-30-29),0,151.9,144.458
06-Apr-2019 (19-30-30),0,151.9,144.458
06-Apr-2019 (19-30-31),0,151.9,137.755
06-Apr-2019 (19-30-32),0,151.9,137.755
06-Apr-2019 (19-30-56),0,149.6,134.733
06-Apr-2019 (19-30-57),0,149.6,134.733
06-Apr-2019 (19-30-58),0,149.6,134.733
06-Apr-2019 (19-30-59),0,149.6,134.733
06-Apr-2019 (19-31-00),0,149.6,134.733
06-Apr-2019 (19-31-01),0,149.6,137.03799999999998
06-Apr-2019 (19-31-02),0,149.6,137.03799999999998
06-Apr-2019 (19-31-03),0,149.6,137.03799999999998
06-Apr-2019 (19-31-04),0,149.6,137.03799999999998
06-Apr-2019 (19-31-07),0,120.7,37.131
06-Apr-2019 (19-31-08),0,120.7,37.131
06-Apr-2019 (19-31-09),0,120.7,37.131
06-Apr-2019 (19-31-10),0,120.7,37.131
06-Apr-2019 (19-31-23),0,254.8,36.858
06-Apr-2019 (19-31-24),0,110.2,36.858
06-Apr-2019 (19-31-25),0,110.2,36.858
06-Apr-2019 (19-31-40),0,130.4,121.997
06-Apr-2019 (19-31-41),0,130.4,118.454
06-Apr-2019 (19-31-42),0,130.4,118.454
06-Apr-2019 (19-31-55),0,165.6,136.945
06-Apr-2019 (19-31-59),0,548.9,135.661
06-Apr-2019 (19-32-00),0,1801.0,135.661
06-Apr-2019 (19-32-21),0,1801.0,1794.098
06-Apr-2019 (19-32-22),0,1801.0,1794.098
06-Apr-2019 (19-32-23),0,1801.0,1794.098
06-Apr-2019 (19-32-27),0,146.5,50.858
06-Apr-2019 (19-32-28),0,60.7,50.858
06-Apr-2019 (19-32-29),0,125.7,50.858
06-Apr-2019 (19-32-30),0,125.7,50.858
06-Apr-2019 (19-32-43),0,155.0,37.214
06-Apr-2019 (19-32-44),0,66.9,37.214
06-Apr-2019 (19-32-45),0,124.2,37.214
06-Apr-2019 (19-32-59),0,150.5,91.29
06-Apr-2019 (19-33-00),0,150.5,91.29
06-Apr-2019 (19-33-01),0,150.5,117.12066666666668
06-Apr-2019 (19-33-02),0,150.5,117.12066666666668
06-Apr-2019 (19-33-03),0,150.5,117.12066666666668
06-Apr-2019 (19-33-04),0,150.5,117.12066666666668
06-Apr-2019 (19-33-05),0,150.5,117.12066666666668
06-Apr-2019 (19-33-06),0,150.5,140.385
06-Apr-2019 (19-33-07),0,150.5,140.385
06-Apr-2019 (19-33-08),0,150.5,140.385
06-Apr-2019 (19-33-09),0,150.5,140.385
06-Apr-2019 (19-33-15),0,151.6,139.57
06-Apr-2019 (19-33-16),0,151.6,115.334
06-Apr-2019 (19-33-17),0,151.6,115.334
06-Apr-2019 (19-33-18),0,151.6,115.334
06-Apr-2019 (19-33-19),0,151.6,115.334
06-Apr-2019 (19-33-20),0,151.6,115.334
06-Apr-2019 (19-33-21),0,151.6,144.515
06-Apr-2019 (19-33-22),0,151.6,144.515
06-Apr-2019 (19-33-23),0,151.6,144.515
06-Apr-2019 (19-33-24),0,151.6,144.515
06-Apr-2019 (19-33-25),0,151.6,144.515
06-Apr-2019 (19-33-26),0,151.6,133.65
06-Apr-2019 (19-33-27),0,151.6,133.65
06-Apr-2019 (19-33-36),0,150.3,138.30100000000002
06-Apr-2019 (19-33-37),0,150.3,138.30100000000002
06-Apr-2019 (19-33-38),0,150.3,138.30100000000002
06-Apr-2019 (19-33-39),0,150.3,138.30100000000002
06-Apr-2019 (19-33-47),0,159.8,79.337
06-Apr-2019 (19-33-48),0,159.8,79.337
06-Apr-2019 (19-33-49),0,159.8,79.337
06-Apr-2019 (19-33-50),0,159.8,79.337
06-Apr-2019 (19-33-51),0,159.8,138.374
06-Apr-2019 (19-33-52),0,159.8,138.374
06-Apr-2019 (19-33-53),0,159.8,138.374
06-Apr-2019 (19-33-54),0,159.8,138.374
06-Apr-2019 (19-33-55),0,159.8,138.374
06-Apr-2019 (19-33-56),0,159.8,136.626
06-Apr-2019 (19-33-57),0,159.8,136.626
06-Apr-2019 (19-33-58),0,159.8,136.626
06-Apr-2019 (19-33-59),0,159.8,136.626
06-Apr-2019 (19-34-04),0,94.5,37.343
06-Apr-2019 (19-34-05),0,94.5,37.343
06-Apr-2019 (19-34-26),0,154.0,135.64600000000002
06-Apr-2019 (19-34-27),0,154.0,135.64600000000002
06-Apr-2019 (19-34-28),0,154.0,135.64600000000002
06-Apr-2019 (19-34-29),0,154.0,135.64600000000002
06-Apr-2019 (19-34-30),0,154.0,135.64600000000002
06-Apr-2019 (19-34-31),0,154.0,138.611
06-Apr-2019 (19-34-32),0,154.0,138.611
06-Apr-2019 (19-34-33),0,154.0,138.611
06-Apr-2019 (19-34-52),0,80.0,37.255
06-Apr-2019 (19-34-53),0,149.4,37.255
06-Apr-2019 (19-34-54),0,93.3,37.255
06-Apr-2019 (19-34-55),0,93.3,37.255
06-Apr-2019 (19-35-08),0,114.8,37.002
06-Apr-2019 (19-35-09),0,114.8,37.002
06-Apr-2019 (19-35-10),0,82.7,37.002
06-Apr-2019 (19-35-24),0,233.0,141.235
06-Apr-2019 (19-35-25),0,233.0,141.235
06-Apr-2019 (19-35-26),0,233.0,123.554
06-Apr-2019 (19-35-27),0,233.0,123.554
06-Apr-2019 (19-35-28),0,233.0,123.554
06-Apr-2019 (19-35-29),0,233.0,123.554
06-Apr-2019 (19-35-30),0,233.0,123.554
06-Apr-2019 (19-35-31),0,233.0,135.821
06-Apr-2019 (19-35-32),0,233.0,135.821
06-Apr-2019 (19-35-33),0,233.0,135.821
06-Apr-2019 (19-35-34),0,233.0,135.821
06-Apr-2019 (19-35-35),0,233.0,135.821
06-Apr-2019 (19-35-36),0,233.0,137.079
06-Apr-2019 (19-35-37),0,233.0,137.079
06-Apr-2019 (19-36-12),0,130.5,37.059
06-Apr-2019 (19-36-13),0,70.4,37.059
06-Apr-2019 (19-36-14),0,124.8,37.059
06-Apr-2019 (19-36-15),0,124.8,37.059
06-Apr-2019 (19-36-28),0,146.3,36.915
06-Apr-2019 (19-36-29),0,146.3,36.915
06-Apr-2019 (19-36-30),0,146.3,36.915
06-Apr-2019 (19-36-31),0,146.3,144.484
06-Apr-2019 (19-36-32),0,146.3,144.484
06-Apr-2019 (19-36-33),0,146.3,144.484
06-Apr-2019 (19-36-34),0,146.3,144.484
06-Apr-2019 (19-36-35),0,146.3,144.484
06-Apr-2019 (19-36-36),0,146.3,134.877
06-Apr-2019 (19-36-37),0,146.3,134.877
06-Apr-2019 (19-36-38),0,146.3,134.877
06-Apr-2019 (19-36-39),0,146.3,134.877
06-Apr-2019 (19-36-44),0,158.8,112.437
06-Apr-2019 (19-36-45),0,158.8,112.437
06-Apr-2019 (19-36-46),0,158.8,123.868
06-Apr-2019 (19-36-47),0,158.8,123.868
06-Apr-2019 (19-36-48),0,158.8,123.868
06-Apr-2019 (19-36-49),0,158.8,123.868
06-Apr-2019 (19-36-50),0,158.8,123.868
06-Apr-2019 (19-36-51),0,158.8,142.262
06-Apr-2019 (19-36-52),0,158.8,142.262
06-Apr-2019 (19-36-53),0,158.8,142.262
06-Apr-2019 (19-36-54),0,158.8,142.262
06-Apr-2019 (19-36-55),0,158.8,142.262
06-Apr-2019 (19-36-56),0,158.8,139.467
06-Apr-2019 (19-37-01),0,137.1,131.567
06-Apr-2019 (19-37-02),0,137.1,131.567
06-Apr-2019 (19-37-03),0,137.1,131.567
06-Apr-2019 (19-37-04),0,137.1,131.567
06-Apr-2019 (19-37-05),0,137.1,131.567
06-Apr-2019 (19-37-32),0,150.6,58.092
06-Apr-2019 (19-37-33),0,150.6,58.092
06-Apr-2019 (19-37-34),0,150.6,58.092
06-Apr-2019 (19-37-35),0,150.6,58.092
06-Apr-2019 (19-37-36),0,150.6,140.178
06-Apr-2019 (19-37-37),0,150.6,140.178
06-Apr-2019 (19-37-38),0,150.6,140.178
06-Apr-2019 (19-37-39),0,150.6,140.178
06-Apr-2019 (19-37-48),0,161.2,37.492
06-Apr-2019 (19-37-49),0,161.2,37.492
06-Apr-2019 (19-37-50),0,161.2,37.492
06-Apr-2019 (19-37-51),0,161.2,148.733
06-Apr-2019 (19-37-52),0,161.2,148.733
06-Apr-2019 (19-37-53),0,161.2,148.733
06-Apr-2019 (19-37-54),0,161.2,148.733
06-Apr-2019 (19-37-55),0,161.2,148.733
06-Apr-2019 (19-37-56),0,161.2,145.572
06-Apr-2019 (19-37-57),0,161.2,145.572
06-Apr-2019 (19-37-58),0,161.2,145.572
06-Apr-2019 (19-37-59),0,161.2,145.572
06-Apr-2019 (19-38-00),0,161.2,145.572
06-Apr-2019 (19-38-04),0,132.1,85.906
06-Apr-2019 (19-38-05),0,132.1,85.906
06-Apr-2019 (19-38-06),0,132.1,129.216
06-Apr-2019 (19-38-07),0,132.1,129.216
06-Apr-2019 (19-38-08),0,132.1,129.216
06-Apr-2019 (19-38-09),0,132.1,129.216
06-Apr-2019 (19-38-20),0,160.1,136.64600000000002
06-Apr-2019 (19-38-21),0,160.1,118.413
06-Apr-2019 (19-38-22),0,160.1,118.413
06-Apr-2019 (19-38-23),0,160.1,118.413
06-Apr-2019 (19-38-24),0,160.1,118.413
06-Apr-2019 (19-38-25),0,160.1,118.413
06-Apr-2019 (19-38-26),0,160.1,136.734
06-Apr-2019 (19-38-27),0,160.1,136.734
06-Apr-2019 (19-38-28),0,160.1,136.734
06-Apr-2019 (19-38-29),0,160.1,136.734
06-Apr-2019 (19-38-30),0,160.1,136.734
06-Apr-2019 (19-38-31),0,160.1,140.761
06-Apr-2019 (19-38-32),0,160.1,140.761
06-Apr-2019 (19-38-52),0,157.5,84.292
06-Apr-2019 (19-38-53),0,157.5,84.292
06-Apr-2019 (19-38-54),0,157.5,84.292
06-Apr-2019 (19-38-55),0,157.5,84.292
06-Apr-2019 (19-38-56),0,157.5,134.68200000000002
06-Apr-2019 (19-38-57),0,157.5,134.68200000000002
06-Apr-2019 (19-38-58),0,157.5,134.68200000000002
06-Apr-2019 (19-38-59),0,157.5,134.68200000000002
06-Apr-2019 (19-39-00),0,157.5,134.68200000000002
06-Apr-2019 (19-39-01),0,157.5,138.0233333333333
06-Apr-2019 (19-39-02),0,157.5,138.0233333333333
06-Apr-2019 (19-39-03),0,157.5,138.0233333333333
06-Apr-2019 (19-39-04),0,157.5,138.0233333333333
06-Apr-2019 (19-39-07),0,93.7,37.451
06-Apr-2019 (19-39-08),0,93.7,37.451
06-Apr-2019 (19-39-09),0,93.7,37.451
06-Apr-2019 (19-39-10),0,93.7,37.451
06-Apr-2019 (19-39-23),0,96.5,53.379
06-Apr-2019 (19-39-24),0,153.6,53.379
06-Apr-2019 (19-39-25),0,153.6,53.379
06-Apr-2019 (19-39-26),0,153.6,149.64
06-Apr-2019 (19-39-27),0,153.6,149.64
06-Apr-2019 (19-39-28),0,153.6,149.64
06-Apr-2019 (19-39-29),0,153.6,149.64
06-Apr-2019 (19-39-30),0,153.6,149.64
06-Apr-2019 (19-39-31),0,153.6,138.621
06-Apr-2019 (19-39-32),0,153.6,138.621
06-Apr-2019 (19-39-33),0,153.6,138.621
06-Apr-2019 (19-39-34),0,153.6,138.621
06-Apr-2019 (19-39-35),0,153.6,138.621
06-Apr-2019 (19-39-36),0,153.6,147.016
06-Apr-2019 (19-39-42),0,128.5,118.867
06-Apr-2019 (19-39-43),0,128.5,118.867
06-Apr-2019 (19-40-11),0,167.0,148.46
06-Apr-2019 (19-40-27),0,145.8,37.399
06-Apr-2019 (19-40-28),0,145.8,37.399
06-Apr-2019 (19-40-29),0,145.8,37.399
06-Apr-2019 (19-40-30),0,145.8,37.399
06-Apr-2019 (19-40-36),0,145.8,137.378
06-Apr-2019 (19-40-37),0,145.8,137.378
06-Apr-2019 (19-40-38),0,145.8,137.378
06-Apr-2019 (19-40-39),0,145.8,137.378
06-Apr-2019 (19-40-43),0,127.6,37.425
06-Apr-2019 (19-40-44),0,70.0,37.425
06-Apr-2019 (19-40-45),0,86.7,37.425
06-Apr-2019 (19-40-59),0,134.2,113.885
06-Apr-2019 (19-41-00),0,134.2,113.885
06-Apr-2019 (19-41-01),0,134.2,120.568
06-Apr-2019 (19-41-02),0,134.2,120.568
06-Apr-2019 (19-41-03),0,134.2,120.568
06-Apr-2019 (19-41-04),0,134.2,120.568
06-Apr-2019 (19-41-05),0,134.2,120.568
06-Apr-2019 (19-41-16),0,136.8,133.929
06-Apr-2019 (19-41-17),0,136.8,133.929
06-Apr-2019 (19-41-18),0,136.8,133.929
06-Apr-2019 (19-41-19),0,136.8,133.929
06-Apr-2019 (19-41-20),0,136.8,133.929
06-Apr-2019 (19-41-36),0,174.3,138.095
06-Apr-2019 (19-41-37),0,174.3,138.095
06-Apr-2019 (19-41-38),0,174.3,138.095
06-Apr-2019 (19-41-39),0,174.3,138.095
06-Apr-2019 (19-44-58),0,151.7,142.803
06-Apr-2019 (19-44-59),0,151.7,142.803
06-Apr-2019 (19-45-00),0,151.7,142.803
06-Apr-2019 (19-46-18),0,167.7,140.441
06-Apr-2019 (19-46-19),0,167.7,140.441
06-Apr-2019 (19-46-20),0,167.7,140.441
06-Apr-2019 (19-47-38),0,154.6,140.61700000000002
06-Apr-2019 (19-47-39),0,154.6,140.61700000000002
06-Apr-2019 (19-47-40),0,154.6,140.61700000000002
06-Apr-2019 (19-48-57),0,141.4,139.549
06-Apr-2019 (19-48-58),0,141.4,139.549
06-Apr-2019 (19-48-59),0,141.4,139.549
06-Apr-2019 (19-49-00),0,141.4,139.549
06-Apr-2019 (19-49-13),0,237.7,139.446
06-Apr-2019 (19-49-15),0,144.6,139.446
06-Apr-2019 (19-50-33),0,146.7,139.482
06-Apr-2019 (19-50-34),0,146.7,139.482
06-Apr-2019 (19-50-35),0,146.7,139.482
06-Apr-2019 (19-54-32),0,147.6,141.519
06-Apr-2019 (19-54-33),0,147.6,141.519
06-Apr-2019 (19-54-34),0,147.6,141.519
06-Apr-2019 (19-54-35),0,147.6,141.519
06-Apr-2019 (19-55-52),0,171.4,164.733
06-Apr-2019 (19-55-53),0,171.4,164.733
06-Apr-2019 (19-55-54),0,171.4,164.733
06-Apr-2019 (19-55-55),0,171.4,164.733
06-Apr-2019 (19-55-56),0,171.4,144.845
06-Apr-2019 (19-55-57),0,171.4,144.845
06-Apr-2019 (19-55-58),0,171.4,144.845
06-Apr-2019 (19-55-59),0,171.4,144.845
06-Apr-2019 (19-56-00),0,171.4,144.845
06-Apr-2019 (19-56-01),0,171.4,144.732
06-Apr-2019 (19-56-02),0,171.4,144.732
06-Apr-2019 (19-56-03),0,171.4,144.732
06-Apr-2019 (19-56-04),0,171.4,144.732
06-Apr-2019 (19-56-07),0,80.4,37.348
06-Apr-2019 (19-56-08),0,152.3,37.348
06-Apr-2019 (19-56-09),0,152.3,37.348
06-Apr-2019 (19-56-10),0,114.2,37.348
06-Apr-2019 (19-56-23),0,79.3,78.631
06-Apr-2019 (19-56-24),0,141.3,78.631
06-Apr-2019 (19-56-25),0,141.3,78.631
06-Apr-2019 (19-56-26),0,141.3,136.445
06-Apr-2019 (19-56-27),0,141.3,136.445
06-Apr-2019 (19-56-28),0,141.3,136.445
06-Apr-2019 (19-56-29),0,141.3,136.445
06-Apr-2019 (19-56-30),0,141.3,136.445
06-Apr-2019 (19-56-36),0,141.3,138.735
06-Apr-2019 (19-56-40),0,143.0,138.735
06-Apr-2019 (19-57-11),0,97.5,95.338
06-Apr-2019 (19-57-12),0,148.3,95.338
06-Apr-2019 (19-57-13),0,99.3,95.338
06-Apr-2019 (19-57-14),0,99.3,95.338
06-Apr-2019 (19-57-15),0,99.3,95.338
06-Apr-2019 (19-57-27),0,131.6,37.106
06-Apr-2019 (19-57-28),0,131.6,37.106
06-Apr-2019 (19-57-29),0,131.6,37.106
06-Apr-2019 (19-57-30),0,131.6,37.106
06-Apr-2019 (19-57-43),0,115.5,47.79
06-Apr-2019 (19-57-44),0,73.6,47.79
06-Apr-2019 (19-57-45),0,140.4,47.79
06-Apr-2019 (19-57-46),0,140.4,139.84799999999998
06-Apr-2019 (19-57-47),0,140.4,139.84799999999998
06-Apr-2019 (19-57-48),0,140.4,139.84799999999998
06-Apr-2019 (19-57-49),0,140.4,139.84799999999998
06-Apr-2019 (19-57-50),0,140.4,139.84799999999998
06-Apr-2019 (19-57-51),0,140.4,136.641
06-Apr-2019 (19-57-52),0,140.4,136.641
06-Apr-2019 (19-57-53),0,140.4,136.641
06-Apr-2019 (19-57-54),0,140.4,136.641
06-Apr-2019 (19-57-55),0,140.4,136.641
06-Apr-2019 (19-57-56),0,140.4,139.80700000000002
06-Apr-2019 (19-57-59),0,280.9,139.80700000000002
06-Apr-2019 (19-58-00),0,280.9,139.80700000000002
06-Apr-2019 (19-58-01),0,280.9,126.849
06-Apr-2019 (19-58-02),0,280.9,126.849
06-Apr-2019 (19-58-03),0,280.9,126.849
06-Apr-2019 (19-58-04),0,280.9,126.849
06-Apr-2019 (19-58-05),0,280.9,126.849
06-Apr-2019 (19-58-06),0,280.9,141.21
06-Apr-2019 (19-58-07),0,280.9,141.21
06-Apr-2019 (19-58-08),0,280.9,141.21
06-Apr-2019 (19-58-09),0,280.9,141.21
06-Apr-2019 (19-58-47),0,140.0,37.353
06-Apr-2019 (19-58-48),0,69.4,37.353
06-Apr-2019 (19-58-49),0,140.3,37.353
06-Apr-2019 (19-58-50),0,140.3,37.353
06-Apr-2019 (19-59-03),0,161.3,43.396
06-Apr-2019 (19-59-04),0,161.3,43.396
06-Apr-2019 (19-59-05),0,161.3,43.396
06-Apr-2019 (19-59-06),0,161.3,150.362
06-Apr-2019 (19-59-07),0,161.3,150.362
06-Apr-2019 (19-59-08),0,161.3,150.362
06-Apr-2019 (19-59-09),0,161.3,150.362
06-Apr-2019 (19-59-19),0,151.2,135.91899999999998
06-Apr-2019 (19-59-20),0,151.2,135.91899999999998
06-Apr-2019 (19-59-21),0,151.2,133.07299999999998
06-Apr-2019 (19-59-22),0,151.2,133.07299999999998
06-Apr-2019 (19-59-23),0,151.2,133.07299999999998
06-Apr-2019 (19-59-24),0,151.2,133.07299999999998
06-Apr-2019 (19-59-25),0,151.2,133.07299999999998
06-Apr-2019 (19-59-26),0,151.2,142.81799999999996
06-Apr-2019 (19-59-27),0,151.2,142.81799999999996
06-Apr-2019 (19-59-28),0,151.2,142.81799999999996
06-Apr-2019 (19-59-29),0,151.2,142.81799999999996
06-Apr-2019 (19-59-30),0,151.2,142.81799999999996
06-Apr-2019 (19-59-31),0,151.2,144.721
06-Apr-2019 (19-59-56),0,147.7,140.04399999999998
06-Apr-2019 (19-59-57),0,147.7,140.04399999999998
06-Apr-2019 (19-59-58),0,147.7,140.04399999999998
06-Apr-2019 (19-59-59),0,147.7,140.04399999999998
06-Apr-2019 (20-00-00),0,147.7,140.04399999999998
06-Apr-2019 (20-00-01),0,147.7,139.441
06-Apr-2019 (20-00-02),0,147.7,139.441
06-Apr-2019 (20-00-03),0,147.7,139.441
06-Apr-2019 (20-00-07),0,143.3,45.01600000000001
06-Apr-2019 (20-00-08),0,143.3,45.01600000000001
06-Apr-2019 (20-00-09),0,143.3,45.01600000000001
06-Apr-2019 (20-00-10),0,114.2,45.01600000000001
06-Apr-2019 (20-00-22),0,62.2,37.203
06-Apr-2019 (20-00-23),0,153.9,37.203
06-Apr-2019 (20-00-24),0,153.9,37.203
06-Apr-2019 (20-00-25),0,153.9,37.203
06-Apr-2019 (20-00-26),0,153.9,143.39600000000004
06-Apr-2019 (20-00-27),0,153.9,143.39600000000004
06-Apr-2019 (20-00-28),0,153.9,143.39600000000004
06-Apr-2019 (20-00-29),0,153.9,143.39600000000004
06-Apr-2019 (20-00-30),0,153.9,143.39600000000004
06-Apr-2019 (20-00-31),0,153.9,136.971
06-Apr-2019 (20-00-32),0,153.9,136.971
06-Apr-2019 (20-00-33),0,153.9,136.971
06-Apr-2019 (20-00-34),0,153.9,136.971
06-Apr-2019 (20-00-35),0,153.9,136.971
06-Apr-2019 (20-00-39),0,153.8,99.638
06-Apr-2019 (20-00-41),0,156.3,118.495
06-Apr-2019 (20-01-26),0,91.8,71.226
06-Apr-2019 (20-01-27),0,91.8,71.226
06-Apr-2019 (20-01-28),0,91.8,71.226
06-Apr-2019 (20-01-29),0,91.8,71.226
06-Apr-2019 (20-01-30),0,91.8,71.226
06-Apr-2019 (20-01-42),0,90.0,37.42
06-Apr-2019 (20-01-43),0,73.8,37.42
06-Apr-2019 (20-01-44),0,163.0,37.42
06-Apr-2019 (20-01-45),0,163.0,37.42
06-Apr-2019 (20-01-46),0,163.0,143.179
06-Apr-2019 (20-01-47),0,163.0,143.179
06-Apr-2019 (20-01-48),0,163.0,143.179
06-Apr-2019 (20-01-49),0,163.0,143.179
06-Apr-2019 (20-01-50),0,163.0,143.179
06-Apr-2019 (20-01-51),0,163.0,143.757
06-Apr-2019 (20-01-52),0,163.0,143.757
06-Apr-2019 (20-01-53),0,163.0,143.757
06-Apr-2019 (20-01-54),0,163.0,143.757
06-Apr-2019 (20-01-55),0,163.0,143.757
06-Apr-2019 (20-01-59),0,124.6,68.47800000000001
06-Apr-2019 (20-02-00),0,124.6,68.47800000000001
06-Apr-2019 (20-02-16),0,138.7,129.391
06-Apr-2019 (20-02-17),0,138.7,129.391
06-Apr-2019 (20-02-18),0,138.7,129.391
06-Apr-2019 (20-02-19),0,138.7,129.391
06-Apr-2019 (20-02-20),0,138.7,129.391
06-Apr-2019 (20-02-46),0,138.9,117.706
06-Apr-2019 (20-03-02),0,262.2,73.38633333333333
06-Apr-2019 (20-03-03),0,262.2,73.38633333333333
06-Apr-2019 (20-03-04),0,262.2,73.38633333333333
06-Apr-2019 (20-03-05),0,262.2,73.38633333333333
06-Apr-2019 (20-03-06),0,262.2,132.748
06-Apr-2019 (20-03-07),0,262.2,132.748
06-Apr-2019 (20-03-08),0,262.2,132.748
06-Apr-2019 (20-03-09),0,262.2,132.748
06-Apr-2019 (20-03-18),0,117.9,37.796
06-Apr-2019 (20-03-19),0,117.9,37.796
06-Apr-2019 (20-03-20),0,67.4,37.796
06-Apr-2019 (20-03-50),0,149.7,137.621
06-Apr-2019 (20-03-56),0,145.7,139.075
06-Apr-2019 (20-03-57),0,145.7,139.075
06-Apr-2019 (20-03-58),0,145.7,139.075
06-Apr-2019 (20-03-59),0,145.7,139.075
06-Apr-2019 (20-04-00),0,145.7,139.075
06-Apr-2019 (20-04-01),0,145.7,143.494
06-Apr-2019 (20-04-02),0,145.7,143.494
06-Apr-2019 (20-04-21),0,56.5,51.353
06-Apr-2019 (20-04-22),0,148.8,51.353
06-Apr-2019 (20-04-23),0,148.8,51.353
06-Apr-2019 (20-04-24),0,148.8,51.353
06-Apr-2019 (20-04-25),0,148.8,51.353
06-Apr-2019 (20-04-26),0,148.8,135.3
06-Apr-2019 (20-04-27),0,148.8,135.3
06-Apr-2019 (20-04-28),0,148.8,135.3
06-Apr-2019 (20-04-29),0,148.8,135.3
06-Apr-2019 (20-04-30),0,148.8,135.3
06-Apr-2019 (20-04-31),0,148.8,143.901
06-Apr-2019 (20-04-32),0,148.8,143.901
06-Apr-2019 (20-04-33),0,148.8,143.901
06-Apr-2019 (20-04-34),0,148.8,143.901
06-Apr-2019 (20-04-38),0,153.6,37.028
06-Apr-2019 (20-04-39),0,153.6,37.028
06-Apr-2019 (20-04-40),0,99.5,37.028
06-Apr-2019 (20-04-54),0,148.9,121.27
06-Apr-2019 (20-04-55),0,148.9,121.27
06-Apr-2019 (20-04-56),0,148.9,130.34
06-Apr-2019 (20-04-57),0,148.9,130.34
06-Apr-2019 (20-04-58),0,148.9,130.34
06-Apr-2019 (20-04-59),0,148.9,130.34
06-Apr-2019 (20-05-00),0,148.9,130.34
06-Apr-2019 (20-05-01),0,148.9,139.91
06-Apr-2019 (20-05-02),0,148.9,139.91
06-Apr-2019 (20-05-03),0,148.9,139.91
06-Apr-2019 (20-05-04),0,148.9,139.91
06-Apr-2019 (20-05-05),0,148.9,139.91
06-Apr-2019 (20-05-06),0,148.9,141.607
06-Apr-2019 (20-05-10),0,143.6,141.607
06-Apr-2019 (20-05-12),0,144.1,132.753
06-Apr-2019 (20-05-31),0,155.4,142.751
06-Apr-2019 (20-05-32),0,155.4,142.751
06-Apr-2019 (20-05-33),0,155.4,142.751
06-Apr-2019 (20-05-34),0,155.4,142.751
06-Apr-2019 (20-05-35),0,155.4,142.751
06-Apr-2019 (20-05-36),0,155.4,139.281
06-Apr-2019 (20-05-37),0,155.4,139.281
06-Apr-2019 (20-05-38),0,155.4,139.281
06-Apr-2019 (20-05-41),0,96.1,78.208
06-Apr-2019 (20-05-42),0,152.9,78.208
06-Apr-2019 (20-05-43),0,79.4,78.208
06-Apr-2019 (20-05-44),0,135.1,78.208
06-Apr-2019 (20-05-45),0,135.1,78.208
06-Apr-2019 (20-05-57),0,97.8,37.229
06-Apr-2019 (20-05-58),0,97.8,37.229
06-Apr-2019 (20-05-59),0,97.8,37.229
06-Apr-2019 (20-06-00),0,97.8,37.229
06-Apr-2019 (20-06-13),0,114.6,89.335
06-Apr-2019 (20-06-14),0,149.1,89.335
06-Apr-2019 (20-06-15),0,149.1,89.335
06-Apr-2019 (20-06-30),0,149.5,141.859
06-Apr-2019 (20-06-31),0,149.5,114.468
06-Apr-2019 (20-06-32),0,149.5,114.468
06-Apr-2019 (20-06-33),0,149.5,114.468
06-Apr-2019 (20-06-34),0,149.5,114.468
06-Apr-2019 (20-06-35),0,149.5,114.468
06-Apr-2019 (20-06-36),0,149.5,145.52
06-Apr-2019 (20-06-37),0,149.5,145.52
06-Apr-2019 (20-06-38),0,149.5,145.52
06-Apr-2019 (20-06-39),0,149.5,145.52
06-Apr-2019 (20-07-01),0,118.5,85.45299999999997
06-Apr-2019 (20-07-02),0,118.5,85.45299999999997
06-Apr-2019 (20-07-03),0,118.5,85.45299999999997
06-Apr-2019 (20-07-04),0,118.5,85.45299999999997
06-Apr-2019 (20-07-05),0,118.5,85.45299999999997
06-Apr-2019 (20-07-17),0,127.1,37.044
06-Apr-2019 (20-07-18),0,127.1,37.044
06-Apr-2019 (20-07-19),0,127.1,37.044
06-Apr-2019 (20-07-20),0,107.5,37.044
06-Apr-2019 (20-07-33),0,151.9,56.922
06-Apr-2019 (20-07-34),0,151.9,56.922
06-Apr-2019 (20-07-35),0,151.9,56.922
06-Apr-2019 (20-07-36),0,151.9,150.17700000000005
06-Apr-2019 (20-07-37),0,151.9,150.17700000000005
06-Apr-2019 (20-07-38),0,151.9,150.17700000000005
06-Apr-2019 (20-07-39),0,151.9,150.17700000000005
06-Apr-2019 (20-07-51),0,144.2,122.713
06-Apr-2019 (20-07-52),0,144.2,122.713
06-Apr-2019 (20-07-53),0,144.2,122.713
06-Apr-2019 (20-07-54),0,144.2,122.713
06-Apr-2019 (20-07-55),0,144.2,122.713
06-Apr-2019 (20-07-56),0,144.2,139.281
06-Apr-2019 (20-07-57),0,144.2,139.281
06-Apr-2019 (20-07-58),0,144.2,139.281
06-Apr-2019 (20-07-59),0,144.2,139.281
06-Apr-2019 (20-08-00),0,144.2,139.281
06-Apr-2019 (20-08-01),0,144.2,138.91
06-Apr-2019 (20-08-02),0,144.2,138.91
06-Apr-2019 (20-08-31),0,138.0,136.393
06-Apr-2019 (20-08-32),0,138.0,136.393
06-Apr-2019 (20-08-33),0,138.0,136.393
06-Apr-2019 (20-08-37),0,167.9,37.312
06-Apr-2019 (20-08-38),0,167.9,37.312
06-Apr-2019 (20-08-39),0,167.9,37.312
06-Apr-2019 (20-08-40),0,115.5,37.312
06-Apr-2019 (20-08-52),0,58.2,37.224
06-Apr-2019 (20-08-53),0,153.0,37.224
06-Apr-2019 (20-08-54),0,153.0,37.224
06-Apr-2019 (20-08-55),0,153.0,37.224
06-Apr-2019 (20-08-56),0,153.0,146.773
06-Apr-2019 (20-08-57),0,153.0,146.773
06-Apr-2019 (20-08-58),0,153.0,146.773
06-Apr-2019 (20-08-59),0,153.0,146.773
06-Apr-2019 (20-09-00),0,153.0,146.773
06-Apr-2019 (20-09-01),0,153.0,145.14033333333333
06-Apr-2019 (20-09-02),0,153.0,145.14033333333333
06-Apr-2019 (20-09-03),0,153.0,145.14033333333333
06-Apr-2019 (20-09-04),0,153.0,145.14033333333333
06-Apr-2019 (20-09-05),0,153.0,145.14033333333333
06-Apr-2019 (20-09-09),0,177.3,113.21
06-Apr-2019 (20-09-10),0,127.7,113.21
06-Apr-2019 (20-09-25),0,158.7,142.77200000000005
06-Apr-2019 (20-09-26),0,158.7,130.892
06-Apr-2019 (20-09-27),0,158.7,130.892
06-Apr-2019 (20-09-28),0,158.7,130.892
06-Apr-2019 (20-09-29),0,158.7,130.892
06-Apr-2019 (20-09-30),0,158.7,130.892
06-Apr-2019 (20-09-31),0,158.7,145.876
06-Apr-2019 (20-09-32),0,158.7,145.876
06-Apr-2019 (20-09-33),0,158.7,145.876
06-Apr-2019 (20-09-34),0,158.7,145.876
06-Apr-2019 (20-09-35),0,158.7,145.876
06-Apr-2019 (20-09-36),0,158.7,139.529
06-Apr-2019 (20-09-37),0,158.7,139.529
06-Apr-2019 (20-09-57),0,156.6,62.223
06-Apr-2019 (20-09-58),0,156.6,62.223
06-Apr-2019 (20-09-59),0,156.6,62.223
06-Apr-2019 (20-10-00),0,156.6,62.223
06-Apr-2019 (20-10-01),0,156.6,134.939
06-Apr-2019 (20-10-02),0,156.6,134.939
06-Apr-2019 (20-10-03),0,156.6,134.939
06-Apr-2019 (20-10-04),0,156.6,134.939
06-Apr-2019 (20-10-05),0,156.6,134.939
06-Apr-2019 (20-10-06),0,156.6,145.701
06-Apr-2019 (20-10-07),0,156.6,145.701
06-Apr-2019 (20-10-08),0,156.6,145.701
06-Apr-2019 (20-10-09),0,156.6,145.701
06-Apr-2019 (20-10-12),0,77.5,37.379
06-Apr-2019 (20-10-13),0,151.7,37.379
06-Apr-2019 (20-10-14),0,47.5,37.379
06-Apr-2019 (20-10-15),0,142.3,37.379
06-Apr-2019 (20-10-21),0,142.3,139.972
06-Apr-2019 (20-10-22),0,142.3,139.972
06-Apr-2019 (20-10-23),0,142.3,139.972
06-Apr-2019 (20-10-24),0,142.3,139.972
06-Apr-2019 (20-10-25),0,142.3,139.972
06-Apr-2019 (20-10-45),0,149.6,147.047
06-Apr-2019 (20-10-46),0,149.6,127.303
06-Apr-2019 (20-10-47),0,149.6,127.303
06-Apr-2019 (20-10-48),0,149.6,127.303
06-Apr-2019 (20-10-49),0,149.6,127.303
06-Apr-2019 (20-10-50),0,149.6,127.303
06-Apr-2019 (20-10-51),0,149.6,140.751
06-Apr-2019 (20-10-52),0,149.6,140.751
06-Apr-2019 (20-10-53),0,149.6,140.751
06-Apr-2019 (20-10-54),0,149.6,140.751
06-Apr-2019 (20-10-55),0,149.6,140.751
06-Apr-2019 (20-10-56),0,149.6,145.123
06-Apr-2019 (20-10-57),0,149.6,145.123
06-Apr-2019 (20-11-16),0,174.5,95.91
06-Apr-2019 (20-11-18),0,160.1,95.91
06-Apr-2019 (20-11-19),0,160.1,95.91
06-Apr-2019 (20-11-20),0,160.1,95.91
06-Apr-2019 (20-11-21),0,160.1,139.776
06-Apr-2019 (20-11-22),0,160.1,139.776
06-Apr-2019 (20-11-23),0,160.1,139.776
06-Apr-2019 (20-11-24),0,160.1,139.776
06-Apr-2019 (20-11-25),0,160.1,139.776
06-Apr-2019 (20-11-26),0,160.1,142.385
06-Apr-2019 (20-11-27),0,160.1,142.385
06-Apr-2019 (20-11-28),0,160.1,142.385
06-Apr-2019 (20-11-29),0,160.1,142.385
06-Apr-2019 (20-11-32),0,78.6,37.075
06-Apr-2019 (20-11-33),0,78.6,37.075
06-Apr-2019 (20-11-34),0,78.6,37.075
06-Apr-2019 (20-11-35),0,145.2,37.075
06-Apr-2019 (20-11-48),0,148.3,50.255
06-Apr-2019 (20-11-49),0,148.3,50.255
06-Apr-2019 (20-11-50),0,148.3,50.255
06-Apr-2019 (20-11-51),0,148.3,142.715
06-Apr-2019 (20-11-52),0,148.3,142.715
06-Apr-2019 (20-11-53),0,148.3,142.715
06-Apr-2019 (20-11-54),0,148.3,142.715
06-Apr-2019 (20-11-55),0,148.3,142.715
06-Apr-2019 (20-11-56),0,148.3,140.261
06-Apr-2019 (20-11-57),0,148.3,140.261
06-Apr-2019 (20-11-58),0,148.3,140.261
06-Apr-2019 (20-11-59),0,148.3,140.261
06-Apr-2019 (20-12-00),0,148.3,140.261
06-Apr-2019 (20-12-01),0,148.3,146.8543333333334
06-Apr-2019 (20-12-04),0,265.9,146.8543333333334
06-Apr-2019 (20-12-05),0,265.9,146.8543333333334
06-Apr-2019 (20-12-06),0,265.9,125.436
06-Apr-2019 (20-12-07),0,265.9,125.436
06-Apr-2019 (20-12-08),0,265.9,125.436
06-Apr-2019 (20-12-09),0,265.9,125.436
06-Apr-2019 (20-12-20),0,152.3,139.477
06-Apr-2019 (20-12-21),0,152.3,115.077
06-Apr-2019 (20-12-22),0,152.3,115.077
06-Apr-2019 (20-12-23),0,152.3,115.077
06-Apr-2019 (20-12-24),0,152.3,115.077
06-Apr-2019 (20-12-25),0,152.3,115.077
06-Apr-2019 (20-12-26),0,152.3,144.334
06-Apr-2019 (20-12-27),0,152.3,144.334
06-Apr-2019 (20-12-28),0,152.3,144.334
06-Apr-2019 (20-12-29),0,152.3,144.334
06-Apr-2019 (20-12-30),0,152.3,144.334
06-Apr-2019 (20-12-31),0,152.3,148.63
06-Apr-2019 (20-12-32),0,152.3,148.63
06-Apr-2019 (20-12-33),0,152.3,148.63
06-Apr-2019 (20-12-52),0,128.1,37.281
06-Apr-2019 (20-12-53),0,72.7,37.281
06-Apr-2019 (20-12-54),0,160.5,37.281
06-Apr-2019 (20-12-55),0,160.5,37.281
06-Apr-2019 (20-12-56),0,160.5,142.813
06-Apr-2019 (20-12-57),0,160.5,142.813
06-Apr-2019 (20-12-58),0,160.5,142.813
06-Apr-2019 (20-12-59),0,160.5,142.813
06-Apr-2019 (20-13-00),0,160.5,142.813
06-Apr-2019 (20-13-01),0,160.5,141.4
06-Apr-2019 (20-13-02),0,160.5,141.4
06-Apr-2019 (20-13-03),0,160.5,141.4
06-Apr-2019 (20-13-04),0,160.5,141.4
06-Apr-2019 (20-13-08),0,139.7,37.234
06-Apr-2019 (20-13-09),0,139.7,37.234
06-Apr-2019 (20-13-10),0,175.5,37.234
06-Apr-2019 (20-13-36),0,131.0,116.113
06-Apr-2019 (20-13-40),0,175.2,116.113
06-Apr-2019 (20-13-56),0,156.5,132.985
06-Apr-2019 (20-13-57),0,156.5,132.985
06-Apr-2019 (20-13-58),0,156.5,132.985
06-Apr-2019 (20-13-59),0,156.5,132.985
06-Apr-2019 (20-14-00),0,156.5,132.985
06-Apr-2019 (20-14-01),0,156.5,144.68
06-Apr-2019 (20-14-02),0,156.5,144.68
06-Apr-2019 (20-14-03),0,156.5,144.68
06-Apr-2019 (20-14-04),0,156.5,144.68
06-Apr-2019 (20-14-05),0,156.5,144.68
06-Apr-2019 (20-14-06),0,156.5,141.308
06-Apr-2019 (20-14-07),0,156.5,141.308
06-Apr-2019 (20-14-08),0,156.5,141.308
06-Apr-2019 (20-14-12),0,173.3,44.154
06-Apr-2019 (20-14-13),0,69.8,44.154
06-Apr-2019 (20-14-14),0,133.8,44.154
06-Apr-2019 (20-14-15),0,133.8,44.154
06-Apr-2019 (20-14-27),0,69.3,59.051
06-Apr-2019 (20-14-28),0,153.9,59.051
06-Apr-2019 (20-14-29),0,153.9,59.051
06-Apr-2019 (20-14-30),0,153.9,59.051
06-Apr-2019 (20-14-31),0,153.9,142.525
06-Apr-2019 (20-14-32),0,153.9,142.525
06-Apr-2019 (20-14-33),0,153.9,142.525
06-Apr-2019 (20-14-34),0,153.9,142.525
06-Apr-2019 (20-14-35),0,153.9,142.525
06-Apr-2019 (20-14-36),0,153.9,142.519
06-Apr-2019 (20-14-37),0,153.9,142.519
06-Apr-2019 (20-14-38),0,153.9,142.519
06-Apr-2019 (20-14-39),0,153.9,142.519
06-Apr-2019 (20-14-43),0,102.8,37.25
06-Apr-2019 (20-14-44),0,147.5,37.25
06-Apr-2019 (20-14-45),0,147.5,37.25
06-Apr-2019 (20-14-46),0,147.5,141.024
06-Apr-2019 (20-14-47),0,147.5,141.024
06-Apr-2019 (20-14-48),0,147.5,141.024
06-Apr-2019 (20-14-49),0,147.5,141.024
06-Apr-2019 (20-14-50),0,147.5,141.024
06-Apr-2019 (20-14-51),0,147.5,141.467
06-Apr-2019 (20-14-52),0,147.5,141.467
06-Apr-2019 (20-14-53),0,147.5,141.467
06-Apr-2019 (20-14-54),0,147.5,141.467
06-Apr-2019 (20-14-55),0,147.5,141.467
06-Apr-2019 (20-14-56),0,147.5,85.179
06-Apr-2019 (20-14-59),0,86.1,85.179
06-Apr-2019 (20-15-00),0,86.1,85.179
06-Apr-2019 (20-15-16),0,140.1,125.751
06-Apr-2019 (20-15-17),0,140.1,125.751
06-Apr-2019 (20-15-18),0,140.1,125.751
06-Apr-2019 (20-15-19),0,140.1,125.751
06-Apr-2019 (20-15-20),0,140.1,125.751
06-Apr-2019 (20-15-47),0,113.0,91.3
06-Apr-2019 (20-15-48),0,130.0,91.3
06-Apr-2019 (20-15-49),0,130.0,91.3
06-Apr-2019 (20-15-50),0,130.0,91.3
06-Apr-2019 (20-16-03),0,110.2,37.26
06-Apr-2019 (20-16-04),0,110.2,37.26
06-Apr-2019 (20-16-05),0,110.2,37.26
06-Apr-2019 (20-16-16),0,110.2,81.833
06-Apr-2019 (20-16-19),0,151.4,81.833
06-Apr-2019 (20-16-20),0,151.4,81.833
06-Apr-2019 (20-16-35),0,256.5,141.97799999999995
06-Apr-2019 (20-16-36),0,256.5,120.522
06-Apr-2019 (20-16-37),0,256.5,120.522
06-Apr-2019 (20-16-38),0,256.5,120.522
06-Apr-2019 (20-16-39),0,256.5,120.522
06-Apr-2019 (20-16-56),0,146.9,138.08
06-Apr-2019 (20-16-57),0,146.9,138.08
06-Apr-2019 (20-16-58),0,146.9,138.08
06-Apr-2019 (20-16-59),0,146.9,138.08
06-Apr-2019 (20-17-00),0,146.9,138.08
06-Apr-2019 (20-17-01),0,146.9,134.083
06-Apr-2019 (20-17-02),0,146.9,134.083
06-Apr-2019 (20-17-03),0,146.9,134.083
06-Apr-2019 (20-17-04),0,146.9,134.083
06-Apr-2019 (20-17-23),0,155.8,36.977
06-Apr-2019 (20-17-24),0,62.8,36.977
06-Apr-2019 (20-17-25),0,140.2,36.977
06-Apr-2019 (20-17-31),0,140.2,138.606
06-Apr-2019 (20-17-32),0,140.2,138.606
06-Apr-2019 (20-17-33),0,140.2,138.606
06-Apr-2019 (20-17-34),0,140.2,138.606
06-Apr-2019 (20-17-35),0,140.2,138.606
06-Apr-2019 (20-17-36),0,140.2,48.12
06-Apr-2019 (20-17-39),0,139.5,48.12
06-Apr-2019 (20-17-40),0,63.8,48.12
06-Apr-2019 (20-17-55),0,178.1,135.986
06-Apr-2019 (20-17-56),0,178.1,123.843
06-Apr-2019 (20-17-57),0,178.1,123.843
06-Apr-2019 (20-17-58),0,178.1,123.843
06-Apr-2019 (20-17-59),0,178.1,123.843
06-Apr-2019 (20-18-00),0,178.1,123.843
06-Apr-2019 (20-18-01),0,178.1,143.86
06-Apr-2019 (20-18-02),0,178.1,143.86
06-Apr-2019 (20-18-03),0,178.1,143.86
06-Apr-2019 (20-18-04),0,178.1,143.86
06-Apr-2019 (20-18-05),0,178.1,143.86
06-Apr-2019 (20-18-06),0,178.1,143.308
06-Apr-2019 (20-18-07),0,178.1,143.308
06-Apr-2019 (20-18-11),0,156.7,152.53799999999995
06-Apr-2019 (20-18-13),0,162.0,152.53799999999995
06-Apr-2019 (20-18-43),0,157.7,41.50899999999999
06-Apr-2019 (20-18-44),0,99.0,41.50899999999999
06-Apr-2019 (20-18-45),0,99.0,41.50899999999999
06-Apr-2019 (20-18-58),0,75.9,37.095
06-Apr-2019 (20-18-59),0,149.5,37.095
06-Apr-2019 (20-19-00),0,149.5,37.095
06-Apr-2019 (20-19-01),0,149.5,141.87
06-Apr-2019 (20-19-02),0,149.5,141.87
06-Apr-2019 (20-19-03),0,149.5,141.87
06-Apr-2019 (20-19-04),0,149.5,141.87
06-Apr-2019 (20-19-05),0,149.5,141.87
06-Apr-2019 (20-19-06),0,149.5,137.49200000000002
06-Apr-2019 (20-19-07),0,149.5,137.49200000000002
06-Apr-2019 (20-19-08),0,149.5,137.49200000000002
06-Apr-2019 (20-19-09),0,149.5,137.49200000000002
06-Apr-2019 (20-19-11),0,105.8,102.67
06-Apr-2019 (20-19-15),0,150.1,102.67
06-Apr-2019 (20-19-16),0,150.1,131.907
06-Apr-2019 (20-19-17),0,150.1,131.907
06-Apr-2019 (20-19-18),0,150.1,131.907
06-Apr-2019 (20-19-19),0,150.1,131.907
06-Apr-2019 (20-19-20),0,150.1,131.907
06-Apr-2019 (20-19-21),0,150.1,141.39
06-Apr-2019 (20-19-22),0,150.1,141.39
06-Apr-2019 (20-19-23),0,150.1,141.39
06-Apr-2019 (20-19-24),0,150.1,141.39
06-Apr-2019 (20-19-25),0,150.1,141.39
06-Apr-2019 (20-19-26),0,150.1,143.066
06-Apr-2019 (20-19-27),0,150.1,143.066
06-Apr-2019 (20-19-51),0,160.4,142.726
06-Apr-2019 (20-19-52),0,160.4,142.726
06-Apr-2019 (20-19-53),0,160.4,142.726
06-Apr-2019 (20-19-54),0,160.4,142.726
06-Apr-2019 (20-19-55),0,160.4,142.726
06-Apr-2019 (20-19-56),0,160.4,141.906
06-Apr-2019 (20-19-57),0,160.4,141.906
06-Apr-2019 (20-19-58),0,160.4,141.906
06-Apr-2019 (20-19-59),0,160.4,141.906
06-Apr-2019 (20-20-02),0,100.0,69.493
06-Apr-2019 (20-20-03),0,100.0,69.493
06-Apr-2019 (20-20-04),0,100.0,69.493
06-Apr-2019 (20-20-05),0,100.0,69.493
06-Apr-2019 (20-20-18),0,114.5,37.033
06-Apr-2019 (20-20-19),0,72.7,37.033
06-Apr-2019 (20-20-20),0,159.9,37.033
06-Apr-2019 (20-20-21),0,159.9,141.509
06-Apr-2019 (20-20-22),0,159.9,141.509
06-Apr-2019 (20-20-23),0,159.9,141.509
06-Apr-2019 (20-20-24),0,159.9,141.509
06-Apr-2019 (20-20-25),0,159.9,141.509
06-Apr-2019 (20-20-26),0,159.9,147.82
06-Apr-2019 (20-20-27),0,159.9,147.82
06-Apr-2019 (20-20-28),0,159.9,147.82
06-Apr-2019 (20-20-29),0,159.9,147.82
06-Apr-2019 (20-20-30),0,159.9,147.82
06-Apr-2019 (20-20-31),0,159.9,68.10600000000001
06-Apr-2019 (20-20-34),0,118.9,68.10600000000001
06-Apr-2019 (20-20-35),0,118.9,68.10600000000001
06-Apr-2019 (20-20-50),0,147.4,146.304
06-Apr-2019 (20-20-51),0,147.4,125.895
06-Apr-2019 (20-20-53),0,129.2,125.895
06-Apr-2019 (20-20-54),0,129.2,125.895
06-Apr-2019 (20-20-55),0,129.2,125.895
06-Apr-2019 (20-21-06),0,236.8,198.498
06-Apr-2019 (20-21-07),0,236.8,198.498
06-Apr-2019 (20-21-08),0,236.8,198.498
06-Apr-2019 (20-21-09),0,236.8,198.498
06-Apr-2019 (20-21-22),0,110.0,104.16
06-Apr-2019 (20-21-24),0,161.7,104.16
06-Apr-2019 (20-21-25),0,161.7,104.16
06-Apr-2019 (20-21-26),0,161.7,133.243
06-Apr-2019 (20-21-27),0,161.7,133.243
06-Apr-2019 (20-21-28),0,161.7,133.243
06-Apr-2019 (20-21-29),0,161.7,133.243
06-Apr-2019 (20-21-30),0,161.7,133.243
06-Apr-2019 (20-21-31),0,161.7,135.434
06-Apr-2019 (20-21-32),0,161.7,135.434
06-Apr-2019 (20-21-33),0,161.7,135.434
06-Apr-2019 (20-21-34),0,161.7,135.434
06-Apr-2019 (20-21-35),0,161.7,135.434
06-Apr-2019 (20-21-38),0,277.0,37.209
06-Apr-2019 (20-21-39),0,277.0,37.209
06-Apr-2019 (20-21-40),0,147.1,37.209
06-Apr-2019 (20-21-54),0,269.2,41.519
06-Apr-2019 (20-21-55),0,269.2,41.519
06-Apr-2019 (20-21-56),0,269.2,142.262
06-Apr-2019 (20-21-57),0,269.2,142.262
06-Apr-2019 (20-21-58),0,269.2,142.262
06-Apr-2019 (20-21-59),0,269.2,142.262
06-Apr-2019 (20-22-00),0,269.2,142.262
06-Apr-2019 (20-22-01),0,269.2,141.091
06-Apr-2019 (20-22-02),0,269.2,141.091
06-Apr-2019 (20-22-03),0,269.2,141.091
06-Apr-2019 (20-22-04),0,269.2,141.091
06-Apr-2019 (20-22-05),0,269.2,141.091
06-Apr-2019 (20-22-06),0,269.2,146.315
06-Apr-2019 (20-22-10),0,160.8,146.315
06-Apr-2019 (20-22-12),0,143.9,119.315
06-Apr-2019 (20-22-31),0,144.4,140.446
06-Apr-2019 (20-22-32),0,144.4,140.446
06-Apr-2019 (20-22-33),0,144.4,140.446
06-Apr-2019 (20-22-34),0,144.4,140.446
06-Apr-2019 (20-22-35),0,144.4,140.446
06-Apr-2019 (20-22-36),0,144.4,143.984
06-Apr-2019 (20-22-37),0,144.4,143.984
06-Apr-2019 (20-22-38),0,144.4,143.984
06-Apr-2019 (20-22-46),0,160.2,139.719
06-Apr-2019 (20-22-47),0,160.2,139.719
06-Apr-2019 (20-22-48),0,160.2,139.719
06-Apr-2019 (20-22-49),0,160.2,139.719
06-Apr-2019 (20-22-50),0,160.2,139.719
06-Apr-2019 (20-22-51),0,160.2,149.161
06-Apr-2019 (20-22-52),0,160.2,149.161
06-Apr-2019 (20-22-53),0,160.2,149.161
06-Apr-2019 (20-22-54),0,160.2,149.161
06-Apr-2019 (20-22-58),0,177.6,37.338
06-Apr-2019 (20-22-59),0,177.6,37.338
06-Apr-2019 (20-23-00),0,177.6,37.338
06-Apr-2019 (20-23-01),0,177.6,147.619
06-Apr-2019 (20-23-02),0,177.6,147.619
06-Apr-2019 (20-23-03),0,177.6,147.619
06-Apr-2019 (20-23-04),0,177.6,147.619
06-Apr-2019 (20-23-05),0,177.6,147.619
06-Apr-2019 (20-23-06),0,177.6,138.843
06-Apr-2019 (20-23-07),0,177.6,138.843
06-Apr-2019 (20-23-08),0,177.6,138.843
06-Apr-2019 (20-23-09),0,177.6,138.843
06-Apr-2019 (20-23-13),0,58.5,37.353
06-Apr-2019 (20-23-14),0,152.1,37.353
06-Apr-2019 (20-23-15),0,152.1,37.353
06-Apr-2019 (20-23-16),0,152.1,142.947
06-Apr-2019 (20-23-17),0,152.1,142.947
06-Apr-2019 (20-23-18),0,152.1,142.947
06-Apr-2019 (20-23-19),0,152.1,142.947
06-Apr-2019 (20-23-20),0,152.1,142.947
06-Apr-2019 (20-23-21),0,152.1,147.155
06-Apr-2019 (20-23-22),0,152.1,147.155
06-Apr-2019 (20-23-23),0,152.1,147.155
06-Apr-2019 (20-23-24),0,152.1,147.155
06-Apr-2019 (20-23-25),0,152.1,147.155
06-Apr-2019 (20-23-26),0,152.1,126.741
06-Apr-2019 (20-23-30),0,164.4,126.741
06-Apr-2019 (20-23-31),0,164.4,131.634
06-Apr-2019 (20-23-32),0,164.4,131.634
06-Apr-2019 (20-23-33),0,164.4,131.634
06-Apr-2019 (20-23-34),0,164.4,131.634
06-Apr-2019 (20-23-35),0,164.4,131.634
06-Apr-2019 (20-23-36),0,164.4,152.054
06-Apr-2019 (20-23-37),0,164.4,152.054
06-Apr-2019 (20-23-38),0,164.4,152.054
06-Apr-2019 (20-23-39),0,164.4,152.054
06-Apr-2019 (20-23-46),0,152.9,135.099
06-Apr-2019 (20-23-47),0,152.9,135.099
06-Apr-2019 (20-23-48),0,152.9,135.099
06-Apr-2019 (20-23-49),0,152.9,135.099
06-Apr-2019 (20-23-50),0,152.9,135.099
06-Apr-2019 (20-23-51),0,152.9,145.835
06-Apr-2019 (20-23-52),0,152.9,145.835
06-Apr-2019 (20-23-53),0,152.9,145.835
06-Apr-2019 (20-23-54),0,152.9,145.835
06-Apr-2019 (20-23-55),0,152.9,145.835
06-Apr-2019 (20-23-56),0,152.9,143.819
06-Apr-2019 (20-23-57),0,152.9,143.819
06-Apr-2019 (20-23-58),0,152.9,143.819
06-Apr-2019 (20-24-06),0,158.5,138.961
06-Apr-2019 (20-24-07),0,158.5,138.961
06-Apr-2019 (20-24-08),0,158.5,138.961
06-Apr-2019 (20-24-09),0,158.5,138.961
06-Apr-2019 (20-24-18),0,131.0,52.786
06-Apr-2019 (20-24-19),0,131.0,52.786
06-Apr-2019 (20-24-20),0,131.0,52.786
06-Apr-2019 (20-24-33),0,72.0,37.214
06-Apr-2019 (20-24-34),0,149.8,37.214
06-Apr-2019 (20-24-35),0,149.8,37.214
06-Apr-2019 (20-24-36),0,149.8,148.14
06-Apr-2019 (20-24-37),0,149.8,148.14
06-Apr-2019 (20-24-38),0,149.8,148.14
06-Apr-2019 (20-24-39),0,149.8,148.14
06-Apr-2019 (20-24-46),0,107.1,90.279
06-Apr-2019 (20-24-50),0,131.4,90.279
06-Apr-2019 (20-24-51),0,131.4,128.42700000000002
06-Apr-2019 (20-24-52),0,131.4,128.42700000000002
06-Apr-2019 (20-24-53),0,131.4,128.42700000000002
06-Apr-2019 (20-24-54),0,131.4,128.42700000000002
06-Apr-2019 (20-24-55),0,131.4,128.42700000000002
06-Apr-2019 (20-25-37),0,104.3,83.772
06-Apr-2019 (20-25-38),0,104.3,83.772
06-Apr-2019 (20-25-39),0,104.3,83.772
06-Apr-2019 (20-25-40),0,104.3,83.772
06-Apr-2019 (20-25-53),0,192.5,37.358
06-Apr-2019 (20-25-54),0,63.1,37.358
06-Apr-2019 (20-25-55),0,154.1,37.358
06-Apr-2019 (20-25-56),0,154.1,140.983
06-Apr-2019 (20-25-57),0,154.1,140.983
06-Apr-2019 (20-25-58),0,154.1,140.983
06-Apr-2019 (20-25-59),0,154.1,140.983
06-Apr-2019 (20-26-00),0,154.1,140.983
06-Apr-2019 (20-26-01),0,154.1,146.768
06-Apr-2019 (20-26-02),0,154.1,146.768
06-Apr-2019 (20-26-03),0,154.1,146.768
06-Apr-2019 (20-26-04),0,154.1,146.768
06-Apr-2019 (20-26-05),0,154.1,146.768
06-Apr-2019 (20-27-13),0,168.1,154.204
06-Apr-2019 (20-28-49),0,155.4,144.056
06-Apr-2019 (20-28-50),0,155.4,144.056
06-Apr-2019 (20-30-08),0,249.3,142.03
06-Apr-2019 (20-30-09),0,249.3,142.03
06-Apr-2019 (20-31-12),0,298.0,197.704
06-Apr-2019 (20-31-28),0,273.3,141.256
06-Apr-2019 (20-31-29),0,273.3,141.256
06-Apr-2019 (20-31-30),0,273.3,141.256
06-Apr-2019 (20-31-31),0,273.3,243.638
06-Apr-2019 (20-31-32),0,273.3,243.638
06-Apr-2019 (20-31-33),0,273.3,243.638
06-Apr-2019 (20-31-34),0,273.3,243.638
06-Apr-2019 (20-31-35),0,273.3,243.638
06-Apr-2019 (20-31-36),0,273.3,245.205
06-Apr-2019 (20-31-37),0,273.3,245.205
06-Apr-2019 (20-31-38),0,273.3,245.205
06-Apr-2019 (20-31-39),0,273.3,245.205
06-Apr-2019 (20-33-04),0,176.9,175.8766666666667
06-Apr-2019 (20-33-05),0,176.9,175.8766666666667
06-Apr-2019 (20-38-52),0,372.8,303.592
06-Apr-2019 (20-40-43),0,250.9,80.848
06-Apr-2019 (20-40-44),0,703.1,80.848
06-Apr-2019 (20-41-33),0,56.3,37.121
06-Apr-2019 (20-41-34),0,56.3,37.121
06-Apr-2019 (20-41-35),0,56.3,37.121
06-Apr-2019 (20-41-46),0,127.2,114.571
06-Apr-2019 (20-41-59),0,119.5,37.075
06-Apr-2019 (20-42-00),0,119.5,37.075
06-Apr-2019 (20-42-01),0,119.5,99.014
06-Apr-2019 (20-42-02),0,119.5,99.014
06-Apr-2019 (20-42-03),0,119.5,99.014
06-Apr-2019 (20-42-04),0,119.5,99.014
06-Apr-2019 (20-42-05),0,119.5,99.014
06-Apr-2019 (20-42-12),0,120.0,113.731
06-Apr-2019 (20-42-43),0,333.4,77.512
06-Apr-2019 (20-42-44),0,390.8,77.512
06-Apr-2019 (20-43-10),0,55.0,37.075
06-Apr-2019 (20-43-15),0,334.6,75.516
06-Apr-2019 (20-47-05),0,47.9,44.912
06-Apr-2019 (20-47-20),0,73.9,44.69600000000001
06-Apr-2019 (20-47-34),0,71.4,44.536
06-Apr-2019 (20-47-35),0,71.4,44.536
06-Apr-2019 (20-47-48),0,144.6,44.505
06-Apr-2019 (20-47-49),0,65.2,44.505
06-Apr-2019 (20-47-50),0,65.2,44.505
06-Apr-2019 (20-47-51),0,65.2,44.505
06-Apr-2019 (20-48-02),0,68.9,67.27600000000001
06-Apr-2019 (20-48-03),0,142.8,67.27600000000001
06-Apr-2019 (20-48-04),0,142.8,67.27600000000001
06-Apr-2019 (20-48-05),0,142.8,67.27600000000001
06-Apr-2019 (20-48-06),0,142.8,108.77
06-Apr-2019 (20-48-07),0,142.8,108.77
06-Apr-2019 (20-48-08),0,142.8,108.77
06-Apr-2019 (20-48-09),0,142.8,108.77
06-Apr-2019 (20-48-17),0,174.3,120.419
06-Apr-2019 (20-48-18),0,174.3,120.419
06-Apr-2019 (20-48-19),0,174.3,120.419
06-Apr-2019 (20-48-20),0,174.3,120.419
06-Apr-2019 (20-48-21),0,174.3,122.12
06-Apr-2019 (20-48-22),0,174.3,122.12
06-Apr-2019 (20-48-23),0,174.3,122.12
06-Apr-2019 (20-48-24),0,174.3,122.12
06-Apr-2019 (20-48-36),0,181.8,132.273
06-Apr-2019 (20-48-37),0,181.8,132.273
06-Apr-2019 (20-48-38),0,181.8,132.273
06-Apr-2019 (20-48-45),0,179.0,44.356
06-Apr-2019 (20-48-46),0,179.0,160.062
06-Apr-2019 (20-48-48),0,162.8,160.062
06-Apr-2019 (20-48-49),0,162.8,160.062
06-Apr-2019 (20-48-50),0,162.8,160.062
06-Apr-2019 (20-48-51),0,162.8,141.942
06-Apr-2019 (20-48-52),0,162.8,141.942
06-Apr-2019 (20-48-59),0,185.8,44.428
06-Apr-2019 (20-49-00),0,185.8,44.428
06-Apr-2019 (20-49-01),0,185.8,113.53
06-Apr-2019 (20-49-02),0,185.8,113.53
06-Apr-2019 (20-49-03),0,185.8,113.53
06-Apr-2019 (20-49-04),0,185.8,113.53
06-Apr-2019 (20-49-05),0,185.8,113.53
06-Apr-2019 (20-49-06),0,185.8,169.782
06-Apr-2019 (20-49-13),0,187.9,44.13399999999999
06-Apr-2019 (20-49-14),0,187.9,44.13399999999999
06-Apr-2019 (20-49-15),0,125.1,44.13399999999999
06-Apr-2019 (20-49-21),0,149.0,107.888
06-Apr-2019 (20-49-27),0,148.7,100.51
06-Apr-2019 (20-49-28),0,286.3,100.51
06-Apr-2019 (20-49-29),0,286.3,100.51
06-Apr-2019 (20-49-30),0,286.3,100.51
06-Apr-2019 (20-49-31),0,286.3,213.756
06-Apr-2019 (20-49-32),0,286.3,213.756
06-Apr-2019 (20-49-33),0,286.3,213.756
06-Apr-2019 (20-49-34),0,286.3,213.756
06-Apr-2019 (20-49-35),0,286.3,213.756
06-Apr-2019 (20-49-42),0,278.7,244.932
06-Apr-2019 (20-49-55),0,74.4,44.015
06-Apr-2019 (20-49-56),0,331.2,274.98900000000003
06-Apr-2019 (20-49-57),0,331.2,274.98900000000003
06-Apr-2019 (20-49-58),0,331.2,274.98900000000003
06-Apr-2019 (20-49-59),0,331.2,274.98900000000003
06-Apr-2019 (20-50-00),0,331.2,274.98900000000003
06-Apr-2019 (20-50-01),0,331.2,227.194
06-Apr-2019 (20-50-02),0,331.2,227.194
06-Apr-2019 (20-50-03),0,331.2,227.194
06-Apr-2019 (20-50-09),0,49.6,44.093
06-Apr-2019 (20-50-10),0,271.4,44.093
06-Apr-2019 (20-50-11),0,271.4,253.647
06-Apr-2019 (20-50-23),0,57.1,37.492
06-Apr-2019 (20-50-24),0,296.2,37.492
06-Apr-2019 (20-50-25),0,296.2,37.492
06-Apr-2019 (20-50-26),0,296.2,221.192
06-Apr-2019 (20-50-27),0,296.2,221.192
06-Apr-2019 (20-50-28),0,296.2,221.192
06-Apr-2019 (20-50-29),0,296.2,221.192
06-Apr-2019 (20-50-30),0,296.2,221.192
06-Apr-2019 (20-50-31),0,296.2,223.553
06-Apr-2019 (20-50-38),0,317.9,37.425
06-Apr-2019 (20-50-39),0,317.9,37.425
06-Apr-2019 (20-50-40),0,121.8,37.425
06-Apr-2019 (20-50-45),0,320.1,224.719
06-Apr-2019 (20-50-52),0,160.7,125.962
06-Apr-2019 (20-50-53),0,160.7,125.962
06-Apr-2019 (20-50-54),0,160.7,125.962
06-Apr-2019 (20-50-55),0,160.7,125.962
06-Apr-2019 (20-51-07),0,286.8,245.752
06-Apr-2019 (20-51-08),0,286.8,245.752
06-Apr-2019 (20-51-09),0,286.8,245.752
06-Apr-2019 (20-51-20),0,121.0,37.42
06-Apr-2019 (20-51-21),0,307.8,288.932
06-Apr-2019 (20-51-22),0,307.8,288.932
06-Apr-2019 (20-51-23),0,307.8,288.932
06-Apr-2019 (20-51-24),0,307.8,288.932
06-Apr-2019 (20-51-25),0,307.8,288.932
06-Apr-2019 (20-51-26),0,307.8,225.415
06-Apr-2019 (20-51-27),0,307.8,225.415
06-Apr-2019 (20-51-28),0,307.8,225.415
06-Apr-2019 (20-51-34),0,100.5,37.508
06-Apr-2019 (20-51-35),0,308.6,37.508
06-Apr-2019 (20-51-36),0,308.6,249.511
06-Apr-2019 (20-51-37),0,308.6,249.511
06-Apr-2019 (20-51-38),0,308.6,249.511
06-Apr-2019 (20-51-39),0,308.6,249.511
06-Apr-2019 (20-51-48),0,50.8,37.466
06-Apr-2019 (20-51-49),0,298.0,37.466
06-Apr-2019 (20-51-50),0,298.0,37.466
06-Apr-2019 (20-51-51),0,298.0,224.286
06-Apr-2019 (20-51-52),0,298.0,224.286
06-Apr-2019 (20-51-53),0,298.0,224.286
06-Apr-2019 (20-51-54),0,298.0,224.286
06-Apr-2019 (20-51-55),0,298.0,224.286
06-Apr-2019 (20-51-56),0,298.0,205.8
06-Apr-2019 (20-52-02),0,41.1,37.58
06-Apr-2019 (20-52-03),0,299.0,37.58
06-Apr-2019 (20-52-04),0,299.0,37.58
06-Apr-2019 (20-52-05),0,299.0,37.58
06-Apr-2019 (20-52-06),0,299.0,239.276
06-Apr-2019 (20-52-07),0,299.0,239.276
06-Apr-2019 (20-52-08),0,299.0,239.276
06-Apr-2019 (20-52-09),0,299.0,239.276
06-Apr-2019 (20-52-17),0,278.4,140.849
06-Apr-2019 (20-52-18),0,278.4,140.849
06-Apr-2019 (20-52-19),0,278.4,140.849
06-Apr-2019 (20-52-20),0,278.4,140.849
06-Apr-2019 (20-52-21),0,278.4,233.232
06-Apr-2019 (20-52-22),0,278.4,233.232
06-Apr-2019 (20-52-23),0,278.4,233.232
06-Apr-2019 (20-52-24),0,278.4,233.232
06-Apr-2019 (20-52-36),0,254.6,236.027
06-Apr-2019 (20-52-37),0,254.6,236.027
06-Apr-2019 (20-52-38),0,254.6,236.027
06-Apr-2019 (20-52-45),0,273.6,37.518
06-Apr-2019 (20-52-59),0,222.5,37.436
06-Apr-2019 (20-53-00),0,222.5,37.436
06-Apr-2019 (20-53-13),0,97.0,37.544
06-Apr-2019 (20-53-14),0,261.5,37.544
06-Apr-2019 (20-53-15),0,127.1,37.544
06-Apr-2019 (20-53-27),0,59.5,41.267
06-Apr-2019 (20-53-28),0,287.7,41.267
06-Apr-2019 (20-53-29),0,287.7,41.267
06-Apr-2019 (20-53-30),0,287.7,41.267
06-Apr-2019 (20-53-31),0,287.7,233.583
06-Apr-2019 (20-53-32),0,287.7,233.583
06-Apr-2019 (20-53-33),0,287.7,233.583
06-Apr-2019 (20-53-34),0,287.7,233.583
06-Apr-2019 (20-53-35),0,287.7,233.583
06-Apr-2019 (20-53-42),0,320.5,161.81
06-Apr-2019 (20-53-43),0,252.9,161.81
06-Apr-2019 (20-53-47),0,269.7,242.467
06-Apr-2019 (20-53-48),0,269.7,242.467
06-Apr-2019 (20-53-49),0,269.7,242.467
06-Apr-2019 (20-54-01),0,264.8,258.30800000000005
06-Apr-2019 (20-54-02),0,264.8,258.30800000000005
06-Apr-2019 (20-54-03),0,264.8,258.30800000000005
06-Apr-2019 (20-54-15),0,265.9,37.564
06-Apr-2019 (20-54-16),0,265.9,250.249
06-Apr-2019 (20-54-18),0,323.7,250.249
06-Apr-2019 (20-54-36),0,286.1,233.263
06-Apr-2019 (20-54-37),0,286.1,233.263
06-Apr-2019 (20-54-38),0,286.1,233.263
06-Apr-2019 (20-54-39),0,286.1,233.263
06-Apr-2019 (20-54-41),0,184.3,177.274
06-Apr-2019 (20-54-47),0,77.2,62.01600000000001
06-Apr-2019 (20-54-48),0,265.5,62.01600000000001
06-Apr-2019 (20-54-49),0,265.5,62.01600000000001
06-Apr-2019 (20-54-50),0,265.5,62.01600000000001
06-Apr-2019 (20-54-51),0,265.5,204.299
06-Apr-2019 (20-54-52),0,265.5,204.299
06-Apr-2019 (20-54-53),0,265.5,204.299
06-Apr-2019 (20-54-54),0,265.5,204.299
06-Apr-2019 (20-55-14),0,205.5,37.379
06-Apr-2019 (20-55-15),0,132.6,37.379
06-Apr-2019 (20-55-17),0,316.7,247.314
06-Apr-2019 (20-55-26),0,125.8,119.599
06-Apr-2019 (20-55-27),0,125.8,119.599
06-Apr-2019 (20-55-28),0,125.8,119.599
06-Apr-2019 (20-55-29),0,125.8,119.599
06-Apr-2019 (20-55-30),0,125.8,119.599
06-Apr-2019 (20-56-26),0,272.7,264.805
06-Apr-2019 (20-57-01),0,144.3,143.016
06-Apr-2019 (20-57-02),0,320.7,143.016
06-Apr-2019 (20-57-54),0,116.4,37.781
06-Apr-2019 (20-57-55),0,116.4,37.781
06-Apr-2019 (20-57-56),0,116.4,110.487
06-Apr-2019 (20-57-57),0,116.4,110.487
06-Apr-2019 (20-57-58),0,116.4,110.487
06-Apr-2019 (20-57-59),0,116.4,110.487
06-Apr-2019 (20-58-00),0,116.4,110.487
06-Apr-2019 (20-58-01),0,116.4,87.794
06-Apr-2019 (20-58-07),0,140.9,60.53100000000001
06-Apr-2019 (20-58-08),0,140.9,60.53100000000001
06-Apr-2019 (20-58-09),0,140.9,60.53100000000001
06-Apr-2019 (20-58-10),0,77.0,60.53100000000001
06-Apr-2019 (20-58-20),0,85.9,37.59
06-Apr-2019 (20-58-21),0,61.1,37.59
06-Apr-2019 (20-58-50),0,258.9,82.611
06-Apr-2019 (20-58-51),0,351.4,274.149
06-Apr-2019 (20-59-34),0,56.9,37.446
06-Apr-2019 (20-59-35),0,56.9,37.446
06-Apr-2019 (20-59-48),0,71.0,37.301
06-Apr-2019 (20-59-49),0,71.0,37.301
06-Apr-2019 (20-59-50),0,71.0,37.301
06-Apr-2019 (21-00-00),0,41.7,37.425
06-Apr-2019 (21-00-14),0,64.4,37.534
06-Apr-2019 (21-00-15),0,64.4,37.534
06-Apr-2019 (21-00-43),0,115.5,82.178
06-Apr-2019 (21-00-44),0,780.4,82.178
06-Apr-2019 (21-01-44),0,128.4,37.492
06-Apr-2019 (21-01-45),0,53.6,37.492
06-Apr-2019 (21-02-10),0,113.6,37.595
06-Apr-2019 (21-03-12),0,189.7,141.622
06-Apr-2019 (21-03-13),0,323.8,141.622
06-Apr-2019 (21-03-16),0,130.4,107.481
06-Apr-2019 (21-03-17),0,130.4,107.481
06-Apr-2019 (21-03-18),0,130.4,107.481
06-Apr-2019 (21-03-19),0,130.4,107.481
06-Apr-2019 (21-03-20),0,130.4,107.481
06-Apr-2019 (21-03-21),0,130.4,116.448
06-Apr-2019 (21-03-22),0,130.4,116.448
06-Apr-2019 (21-03-23),0,130.4,116.448
06-Apr-2019 (21-03-24),0,130.4,116.448
06-Apr-2019 (21-03-25),0,130.4,116.448
06-Apr-2019 (21-03-31),0,130.4,129.32399999999998
06-Apr-2019 (21-03-32),0,130.4,129.32399999999998
06-Apr-2019 (21-03-33),0,130.4,129.32399999999998
06-Apr-2019 (21-03-34),0,130.4,129.32399999999998
06-Apr-2019 (21-03-35),0,130.4,129.32399999999998
06-Apr-2019 (21-03-36),0,130.4,127.571
06-Apr-2019 (21-03-37),0,130.4,127.571
06-Apr-2019 (21-03-38),0,130.4,127.571
06-Apr-2019 (21-03-39),0,130.4,127.571
06-Apr-2019 (21-08-12),0,70.1,37.642
06-Apr-2019 (21-08-13),0,70.1,37.642
06-Apr-2019 (21-08-14),0,70.1,37.642
06-Apr-2019 (21-08-15),0,56.1,37.642
06-Apr-2019 (21-08-27),0,74.9,72.061
06-Apr-2019 (21-08-28),0,74.9,72.061
06-Apr-2019 (21-08-29),0,74.9,72.061
06-Apr-2019 (21-08-30),0,74.9,72.061
06-Apr-2019 (21-08-36),0,74.9,51.801
06-Apr-2019 (21-08-37),0,74.9,51.801
06-Apr-2019 (21-08-38),0,74.9,51.801
06-Apr-2019 (21-08-39),0,74.9,51.801
06-Apr-2019 (21-08-55),0,67.5,51.559
06-Apr-2019 (21-09-06),0,67.5,51.899
06-Apr-2019 (21-09-07),0,67.5,51.899
06-Apr-2019 (21-09-08),0,67.5,51.899
06-Apr-2019 (21-09-09),0,67.5,51.899
06-Apr-2019 (21-09-10),0,148.4,51.899
06-Apr-2019 (21-09-23),0,62.6,51.698
06-Apr-2019 (21-09-24),0,166.8,51.698
06-Apr-2019 (21-09-25),0,166.8,51.698
06-Apr-2019 (21-09-26),0,166.8,115.824
06-Apr-2019 (21-09-27),0,166.8,115.824
06-Apr-2019 (21-09-28),0,166.8,115.824
06-Apr-2019 (21-09-29),0,166.8,115.824
06-Apr-2019 (21-09-30),0,166.8,115.824
06-Apr-2019 (21-09-31),0,166.8,118.784
06-Apr-2019 (21-09-37),0,63.4,53.92100000000001
06-Apr-2019 (21-09-38),0,181.5,53.92100000000001
06-Apr-2019 (21-09-39),0,181.5,53.92100000000001
06-Apr-2019 (21-09-40),0,72.9,53.92100000000001
06-Apr-2019 (21-09-52),0,184.2,116.778
06-Apr-2019 (21-09-53),0,184.2,116.778
06-Apr-2019 (21-09-54),0,184.2,116.778
06-Apr-2019 (21-09-55),0,184.2,116.778
06-Apr-2019 (21-09-56),0,184.2,135.914
06-Apr-2019 (21-09-57),0,184.2,135.914
06-Apr-2019 (21-09-58),0,184.2,135.914
06-Apr-2019 (21-09-59),0,184.2,135.914
06-Apr-2019 (21-10-20),0,180.6,51.518
06-Apr-2019 (21-10-26),0,180.6,168.405
06-Apr-2019 (21-10-27),0,180.6,168.405
06-Apr-2019 (21-10-34),0,183.5,51.43
06-Apr-2019 (21-10-35),0,183.5,51.43
06-Apr-2019 (21-10-36),0,183.5,168.317
06-Apr-2019 (21-10-37),0,183.5,168.317
06-Apr-2019 (21-10-38),0,183.5,168.317
06-Apr-2019 (21-10-39),0,183.5,168.317
06-Apr-2019 (21-10-48),0,131.3,51.306
06-Apr-2019 (21-10-49),0,268.3,51.306
06-Apr-2019 (21-10-50),0,268.3,51.306
06-Apr-2019 (21-10-51),0,268.3,141.034
06-Apr-2019 (21-10-52),0,268.3,141.034
06-Apr-2019 (21-10-53),0,268.3,141.034
06-Apr-2019 (21-10-54),0,268.3,141.034
06-Apr-2019 (21-10-55),0,268.3,141.034
06-Apr-2019 (21-10-56),0,268.3,208.801
06-Apr-2019 (21-11-02),0,103.2,73.55199999999998
06-Apr-2019 (21-11-03),0,315.2,73.55199999999998
06-Apr-2019 (21-11-04),0,315.2,73.55199999999998
06-Apr-2019 (21-11-05),0,315.2,73.55199999999998
06-Apr-2019 (21-11-06),0,315.2,213.168
06-Apr-2019 (21-11-07),0,315.2,213.168
06-Apr-2019 (21-11-08),0,315.2,213.168
06-Apr-2019 (21-11-09),0,315.2,213.168
06-Apr-2019 (21-11-16),0,260.8,252.456
06-Apr-2019 (21-11-17),0,260.8,252.456
06-Apr-2019 (21-11-18),0,260.8,252.456
06-Apr-2019 (21-11-19),0,260.8,252.456
06-Apr-2019 (21-11-20),0,260.8,252.456
06-Apr-2019 (21-11-21),0,260.8,232.588
06-Apr-2019 (21-11-22),0,260.8,232.588
06-Apr-2019 (21-11-23),0,260.8,232.588
06-Apr-2019 (21-11-24),0,260.8,232.588
06-Apr-2019 (21-11-30),0,243.5,37.74
06-Apr-2019 (21-11-36),0,243.5,226.302
06-Apr-2019 (21-11-37),0,243.5,226.302
06-Apr-2019 (21-11-38),0,243.5,226.302
06-Apr-2019 (21-11-44),0,84.0,44.417
06-Apr-2019 (21-11-45),0,291.3,44.417
06-Apr-2019 (21-11-51),0,242.5,234.387
06-Apr-2019 (21-11-52),0,242.5,234.387
06-Apr-2019 (21-11-58),0,65.7,37.729
06-Apr-2019 (21-11-59),0,304.2,37.729
06-Apr-2019 (21-12-00),0,304.2,37.729
06-Apr-2019 (21-12-01),0,304.2,205.341
06-Apr-2019 (21-12-02),0,304.2,205.341
06-Apr-2019 (21-12-03),0,304.2,205.341
06-Apr-2019 (21-12-04),0,304.2,205.341
06-Apr-2019 (21-12-05),0,304.2,205.341
06-Apr-2019 (21-12-06),0,304.2,209.667
06-Apr-2019 (21-12-12),0,50.8,37.704
06-Apr-2019 (21-12-13),0,287.0,37.704
06-Apr-2019 (21-12-14),0,238.4,37.704
06-Apr-2019 (21-12-15),0,119.6,37.704
06-Apr-2019 (21-12-17),0,354.0,221.352
06-Apr-2019 (21-12-18),0,354.0,221.352
06-Apr-2019 (21-12-19),0,354.0,221.352
06-Apr-2019 (21-12-20),0,354.0,221.352
06-Apr-2019 (21-12-27),0,259.7,131.216
06-Apr-2019 (21-12-28),0,259.7,131.216
06-Apr-2019 (21-12-29),0,259.7,131.216
06-Apr-2019 (21-12-30),0,259.7,131.216
06-Apr-2019 (21-12-31),0,259.7,232.454
06-Apr-2019 (21-12-32),0,259.7,232.454
06-Apr-2019 (21-12-33),0,259.7,232.454
06-Apr-2019 (21-12-34),0,259.7,232.454
06-Apr-2019 (21-12-41),0,269.8,267.626
06-Apr-2019 (21-12-42),0,269.8,267.626
06-Apr-2019 (21-12-55),0,297.9,37.864
06-Apr-2019 (21-12-56),0,297.9,279.769
06-Apr-2019 (21-12-57),0,297.9,279.769
06-Apr-2019 (21-12-58),0,297.9,279.769
06-Apr-2019 (21-12-59),0,297.9,279.769
06-Apr-2019 (21-13-00),0,297.9,279.769
06-Apr-2019 (21-13-01),0,297.9,216.396
06-Apr-2019 (21-13-02),0,297.9,216.396
06-Apr-2019 (21-13-03),0,297.9,216.396
06-Apr-2019 (21-13-09),0,130.1,37.415
06-Apr-2019 (21-13-10),0,264.6,37.415
06-Apr-2019 (21-13-13),0,288.3,233.449
06-Apr-2019 (21-13-15),0,306.5,233.449
06-Apr-2019 (21-13-16),0,306.5,224.935
06-Apr-2019 (21-13-17),0,306.5,224.935
06-Apr-2019 (21-13-23),0,215.5,37.528
06-Apr-2019 (21-13-24),0,215.5,37.528
06-Apr-2019 (21-13-25),0,215.5,37.528
06-Apr-2019 (21-13-26),0,215.5,211.838
06-Apr-2019 (21-13-27),0,215.5,211.838
06-Apr-2019 (21-13-28),0,215.5,211.838
06-Apr-2019 (21-13-29),0,215.5,211.838
06-Apr-2019 (21-13-30),0,215.5,211.838
06-Apr-2019 (21-13-31),0,215.5,207.063
06-Apr-2019 (21-13-37),0,66.6,37.637
06-Apr-2019 (21-13-38),0,263.4,37.637
06-Apr-2019 (21-13-39),0,263.4,37.637
06-Apr-2019 (21-13-40),0,198.0,37.637
06-Apr-2019 (21-13-52),0,272.7,156.143
06-Apr-2019 (21-13-53),0,272.7,156.143
06-Apr-2019 (21-13-54),0,272.7,156.143
06-Apr-2019 (21-13-55),0,272.7,156.143
06-Apr-2019 (21-13-56),0,272.7,236.006
06-Apr-2019 (21-13-57),0,272.7,236.006
06-Apr-2019 (21-13-58),0,272.7,236.006
06-Apr-2019 (21-13-59),0,272.7,236.006
06-Apr-2019 (21-14-05),0,51.9,37.595
06-Apr-2019 (21-14-06),0,332.3,258.391
06-Apr-2019 (21-14-07),0,332.3,258.391
06-Apr-2019 (21-14-08),0,332.3,258.391
06-Apr-2019 (21-14-09),0,332.3,258.391
06-Apr-2019 (21-14-10),0,332.3,258.391
06-Apr-2019 (21-14-20),0,295.7,37.554
06-Apr-2019 (21-14-21),0,295.7,286.741
06-Apr-2019 (21-14-22),0,295.7,286.741
06-Apr-2019 (21-14-23),0,295.7,286.741
06-Apr-2019 (21-14-24),0,295.7,286.741
06-Apr-2019 (21-14-25),0,295.7,286.741
06-Apr-2019 (21-14-26),0,295.7,228.999
06-Apr-2019 (21-14-27),0,295.7,228.999
06-Apr-2019 (21-14-34),0,164.6,37.729
06-Apr-2019 (21-14-35),0,164.6,37.729
06-Apr-2019 (21-14-48),0,246.8,37.735
06-Apr-2019 (21-14-49),0,246.8,37.735
06-Apr-2019 (21-14-50),0,246.8,37.735
06-Apr-2019 (21-14-51),0,246.8,224.899
06-Apr-2019 (21-14-52),0,246.8,224.899
06-Apr-2019 (21-14-53),0,246.8,224.899
06-Apr-2019 (21-14-54),0,246.8,224.899
06-Apr-2019 (21-14-55),0,246.8,224.899
06-Apr-2019 (21-14-56),0,246.8,174.37599999999995
06-Apr-2019 (21-15-02),0,231.3,84.014
06-Apr-2019 (21-15-03),0,231.3,84.014
06-Apr-2019 (21-15-04),0,231.3,84.014
06-Apr-2019 (21-15-05),0,231.3,84.014
06-Apr-2019 (21-15-17),0,276.9,194.249
06-Apr-2019 (21-15-18),0,276.9,194.249
06-Apr-2019 (21-15-19),0,276.9,194.249
06-Apr-2019 (21-15-20),0,276.9,194.249
06-Apr-2019 (21-15-21),0,276.9,238.894
06-Apr-2019 (21-15-22),0,276.9,238.894
06-Apr-2019 (21-15-23),0,276.9,238.894
06-Apr-2019 (21-15-24),0,276.9,238.894
06-Apr-2019 (21-15-30),0,51.2,37.595
06-Apr-2019 (21-15-36),0,282.4,231.247
06-Apr-2019 (21-15-37),0,282.4,231.247
06-Apr-2019 (21-15-38),0,282.4,231.247
06-Apr-2019 (21-15-44),0,50.4,37.554
06-Apr-2019 (21-15-45),0,287.5,37.554
06-Apr-2019 (21-15-59),0,265.1,37.456
06-Apr-2019 (21-16-00),0,265.1,37.456
06-Apr-2019 (21-16-01),0,265.1,213.751
06-Apr-2019 (21-16-02),0,265.1,213.751
06-Apr-2019 (21-16-03),0,265.1,213.751
06-Apr-2019 (21-16-04),0,265.1,213.751
06-Apr-2019 (21-16-05),0,265.1,213.751
06-Apr-2019 (21-16-06),0,265.1,227.508
06-Apr-2019 (21-16-13),0,292.8,37.699
06-Apr-2019 (21-16-14),0,292.8,37.699
06-Apr-2019 (21-16-15),0,138.9,37.699
06-Apr-2019 (21-16-27),0,240.0,90.975
06-Apr-2019 (21-16-28),0,240.0,90.975
06-Apr-2019 (21-16-29),0,240.0,90.975
06-Apr-2019 (21-16-30),0,240.0,90.975
06-Apr-2019 (21-16-31),0,240.0,230.308
06-Apr-2019 (21-16-32),0,240.0,230.308
06-Apr-2019 (21-16-33),0,240.0,230.308
06-Apr-2019 (21-16-34),0,240.0,230.308
06-Apr-2019 (21-16-35),0,240.0,230.308
06-Apr-2019 (21-17-25),0,97.1,59.887
06-Apr-2019 (21-18-09),0,128.1,100.345
06-Apr-2019 (21-18-10),0,762.0,100.345
06-Apr-2019 (21-18-36),0,51.4,45.872
06-Apr-2019 (21-18-55),0,59.8,37.678
06-Apr-2019 (21-19-08),0,45.5,37.827
06-Apr-2019 (21-19-09),0,45.5,37.827
06-Apr-2019 (21-19-10),0,67.4,37.827
06-Apr-2019 (21-19-34),0,64.9,37.559
06-Apr-2019 (21-19-35),0,64.9,37.559
06-Apr-2019 (21-20-18),0,113.3,80.889
06-Apr-2019 (21-20-19),0,831.0,80.889
06-Apr-2019 (21-20-20),0,133.4,80.889
06-Apr-2019 (21-21-14),0,40.7,37.183
06-Apr-2019 (21-21-15),0,48.3,37.183
06-Apr-2019 (21-21-27),0,98.2,37.178
06-Apr-2019 (21-21-28),0,98.2,37.178
06-Apr-2019 (21-21-29),0,98.2,37.178
06-Apr-2019 (21-21-30),0,98.2,37.178
06-Apr-2019 (21-21-31),0,98.2,93.718
06-Apr-2019 (21-21-32),0,98.2,93.718
06-Apr-2019 (21-21-33),0,98.2,93.718
06-Apr-2019 (21-21-34),0,98.2,93.718
06-Apr-2019 (21-21-40),0,120.9,37.451
06-Apr-2019 (21-21-53),0,88.7,37.296
06-Apr-2019 (21-21-54),0,88.7,37.296
06-Apr-2019 (21-21-55),0,88.7,37.296
06-Apr-2019 (21-22-37),0,280.3,80.683
06-Apr-2019 (21-22-38),0,768.7,80.683
06-Apr-2019 (21-22-39),0,107.4,80.683
06-Apr-2019 (21-23-44),0,137.8,37.389
06-Apr-2019 (21-23-45),0,48.2,37.389
06-Apr-2019 (21-23-47),0,137.8,93.048
06-Apr-2019 (21-23-48),0,137.8,93.048
06-Apr-2019 (21-23-49),0,137.8,93.048
06-Apr-2019 (21-23-50),0,137.8,93.048
06-Apr-2019 (21-23-57),0,125.1,48.274
06-Apr-2019 (21-23-58),0,125.1,48.274
06-Apr-2019 (21-23-59),0,125.1,48.274
06-Apr-2019 (21-24-00),0,125.1,48.274
06-Apr-2019 (21-24-01),0,125.1,92.367
06-Apr-2019 (21-24-02),0,125.1,92.367
06-Apr-2019 (21-24-03),0,125.1,92.367
06-Apr-2019 (21-24-04),0,125.1,92.367
06-Apr-2019 (21-24-10),0,98.9,37.477
06-Apr-2019 (21-25-33),0,319.2,102.062
06-Apr-2019 (21-25-34),0,157.8,102.062
